"Job","Release","Due","Machine","Processing Time (Hours)"
,,,,
1,"01-Oct-12","04-Dec-12","M8","18.35"
1,"01-Oct-12","04-Dec-12","M5","5.63"
1,"01-Oct-12","04-Dec-12","M34","14.24"
1,"01-Oct-12","04-Dec-12","M30","1.47"
1,"01-Oct-12","04-Dec-12","M5","20.32"
,,,,
2,"01-Oct-12","20-Nov-12","M15","19.2"
2,"01-Oct-12","20-Nov-12","M32","3.02"
2,"01-Oct-12","20-Nov-12","M41","1.1"
2,"01-Oct-12","20-Nov-12","M38","5.61"
2,"01-Oct-12","20-Nov-12","M15","0.77"
2,"01-Oct-12","20-Nov-12","M47","22.86"
,,,,
3,"01-Oct-12","12-Feb-13","M15","32.73"
3,"01-Oct-12","12-Feb-13","M41","17.95"
3,"01-Oct-12","12-Feb-13","M38","5.32"
3,"01-Oct-12","12-Feb-13","M20","18.37"
,,,,
4,"01-Oct-12","21-Dec-12","M41","15.47"
4,"01-Oct-12","21-Dec-12","M30","9.87"
4,"01-Oct-12","21-Dec-12","M6","46.2"
,,,,
5,"01-Oct-12","21-Dec-12","M13","27.91"
5,"01-Oct-12","21-Dec-12","M45","1.57"
5,"01-Oct-12","21-Dec-12","M38","9.41"
5,"01-Oct-12","21-Dec-12","M17","19.01"
,,,,
6,"01-Oct-12","22-Nov-12","M14","12.96"
6,"01-Oct-12","22-Nov-12","M35","11.25"
,,,,
7,"01-Oct-12","30-Oct-12","M10","14.35"
7,"01-Oct-12","30-Oct-12","M41","2.23"
7,"01-Oct-12","30-Oct-12","M22","10.23"
7,"01-Oct-12","30-Oct-12","M21","9.71"
7,"01-Oct-12","30-Oct-12","M32","16.49"
,,,,
8,"01-Oct-12","09-Oct-12","M8","12.84"
8,"01-Oct-12","09-Oct-12","M22","0.86"
,,,,
9,"01-Oct-12","04-Dec-12","M8","4.74"
9,"01-Oct-12","04-Dec-12","M22","15.16"
9,"01-Oct-12","04-Dec-12","M41","17.28"
9,"01-Oct-12","04-Dec-12","M5","20.57"
,,,,
10,"01-Oct-12","08-Nov-12","M14","5.66"
10,"01-Oct-12","08-Nov-12","M45","4.01"
10,"01-Oct-12","08-Nov-12","M35","16.32"
10,"01-Oct-12","08-Nov-12","M17","5.63"
10,"01-Oct-12","08-Nov-12","M47","21.34"
,,,,
11,"01-Oct-12","22-Nov-12","M10","19.47"
11,"01-Oct-12","22-Nov-12","M41","17.91"
11,"01-Oct-12","22-Nov-12","M38","1.77"
11,"01-Oct-12","22-Nov-12","M15","9.4"
,,,,
12,"01-Oct-12","26-Nov-12","M4","17.14"
12,"01-Oct-12","26-Nov-12","M15","3.33"
12,"01-Oct-12","26-Nov-12","M41","2.7"
,,,,
13,"02-Oct-12","31-Oct-12","M15","14.48"
13,"02-Oct-12","31-Oct-12","M35","8.13"
13,"02-Oct-12","31-Oct-12","M41","7.78"
13,"02-Oct-12","31-Oct-12","M38","4.02"
13,"02-Oct-12","31-Oct-12","M15","9.77"
13,"02-Oct-12","31-Oct-12","M5","3.59"
13,"02-Oct-12","31-Oct-12","M41","0.53"
,,,,
14,"02-Oct-12","13-Nov-12","M9","14.97"
14,"02-Oct-12","13-Nov-12","M41","14.3"
14,"02-Oct-12","13-Nov-12","M36","8.91"
14,"02-Oct-12","13-Nov-12","M38","0.69"
14,"02-Oct-12","13-Nov-12","M25","13.95"
14,"02-Oct-12","13-Nov-12","M3","0.91"
14,"02-Oct-12","13-Nov-12","M18","1.29"
,,,,
15,"02-Oct-12","01-Nov-12","M9","15.68"
15,"02-Oct-12","01-Nov-12","M41","16.33"
15,"02-Oct-12","01-Nov-12","M38","0.9"
15,"02-Oct-12","01-Nov-12","M3","2.19"
,,,,
16,"02-Oct-12","05-Nov-12","M8","38.51"
16,"02-Oct-12","05-Nov-12","M34","18.63"
16,"02-Oct-12","05-Nov-12","M38","2.32"
16,"02-Oct-12","05-Nov-12","M3","0.62"
,,,,
17,"02-Oct-12","05-Nov-12","M11","18.51"
17,"02-Oct-12","05-Nov-12","M41","32.4"
17,"02-Oct-12","05-Nov-12","M38","3.04"
17,"02-Oct-12","05-Nov-12","M3","1.83"
,,,,
18,"02-Oct-12","17-Oct-12","M8","16.49"
18,"02-Oct-12","17-Oct-12","M19","8.92"
,,,,
19,"02-Oct-12","12-Nov-12","M8","7.05"
19,"02-Oct-12","12-Nov-12","M3","0.56"
19,"02-Oct-12","12-Nov-12","M8","5.88"
,,,,
20,"02-Oct-12","14-Nov-12","M8","1.8"
20,"02-Oct-12","14-Nov-12","M36","15.12"
20,"02-Oct-12","14-Nov-12","M38","0.93"
20,"02-Oct-12","14-Nov-12","M25",11
20,"02-Oct-12","14-Nov-12","M3","1.71"
20,"02-Oct-12","14-Nov-12","M17","2.45"
,,,,
21,"02-Oct-12","14-Nov-12","M2","11.47"
21,"02-Oct-12","14-Nov-12","M35","27.9"
21,"02-Oct-12","14-Nov-12","M18","19.02"
21,"02-Oct-12","14-Nov-12","M47","47.96"
,,,,
22,"02-Oct-12","23-Nov-12","M13","6.91"
22,"02-Oct-12","23-Nov-12","M32","6.28"
22,"02-Oct-12","23-Nov-12","M41","1.3"
22,"02-Oct-12","23-Nov-12","M8","6.71"
22,"02-Oct-12","23-Nov-12","M41","1.31"
,,,,
23,"02-Oct-12","05-Dec-12","M13","42.09"
23,"02-Oct-12","05-Dec-12","M45","21.42"
23,"02-Oct-12","05-Dec-12","M35","23.29"
23,"02-Oct-12","05-Dec-12","M3","9.9"
23,"02-Oct-12","05-Dec-12","M17","29.24"
23,"02-Oct-12","05-Dec-12","M47","49.86"
,,,,
24,"02-Oct-12","27-Nov-12","M2","19.1"
24,"02-Oct-12","27-Nov-12","M35","25.97"
24,"02-Oct-12","27-Nov-12","M18","12.16"
24,"02-Oct-12","27-Nov-12","M47","48.15"
,,,,
25,"02-Oct-12","20-Dec-12","M46","9.3"
25,"02-Oct-12","20-Dec-12","M38","4.91"
25,"02-Oct-12","20-Dec-12","M18","12.28"
25,"02-Oct-12","20-Dec-12","M47","5.1"
,,,,
26,"02-Oct-12","31-Dec-12","M35","6.89"
26,"02-Oct-12","31-Dec-12","M46","13.3"
26,"02-Oct-12","31-Dec-12","M38","5.88"
26,"02-Oct-12","31-Dec-12","M18","10.6"
26,"02-Oct-12","31-Dec-12","M47","3.22"
,,,,
27,"03-Oct-12","21-Nov-12","M9","0.44"
27,"03-Oct-12","21-Nov-12","M35","16.29"
27,"03-Oct-12","21-Nov-12","M9","22.41"
,,,,
28,"03-Oct-12","10-Dec-12","M12","14.82"
28,"03-Oct-12","10-Dec-12","M41","4.78"
,,,,
29,"03-Oct-12","20-Dec-12","M12","40.53"
29,"03-Oct-12","20-Dec-12","M41","1.49"
29,"03-Oct-12","20-Dec-12","M30","9.44"
,,,,
30,"03-Oct-12","14-Jan-13","M13","11.49"
30,"03-Oct-12","14-Jan-13","M45","13.68"
30,"03-Oct-12","14-Jan-13","M38","2.63"
30,"03-Oct-12","14-Jan-13","M17","15.52"
,,,,
31,"03-Oct-12","01-Feb-13","M35","77.49"
31,"03-Oct-12","01-Feb-13","M23","31.85"
31,"03-Oct-12","01-Feb-13","M34","173.23"
,,,,
32,"03-Oct-12","30-Oct-12","M8","22.37"
32,"03-Oct-12","30-Oct-12","M35","3.75"
,,,,
33,"03-Oct-12","19-Feb-13","M35","21.54"
33,"03-Oct-12","19-Feb-13","M23","13.66"
33,"03-Oct-12","19-Feb-13","M34","90.65"
,,,,
34,"03-Oct-12","01-Nov-12","M8","24.62"
34,"03-Oct-12","01-Nov-12","M35","3.78"
,,,,
35,"03-Oct-12","21-Feb-13","M15","12.94"
35,"03-Oct-12","21-Feb-13","M22","10.94"
35,"03-Oct-12","21-Feb-13","M34","0.78"
35,"03-Oct-12","21-Feb-13","M4","1.12"
,,,,
36,"05-Oct-12","03-Jan-13","M8","16.19"
36,"05-Oct-12","03-Jan-13","M5","3.11"
36,"05-Oct-12","03-Jan-13","M41","2.83"
36,"05-Oct-12","03-Jan-13","M22","15.86"
36,"05-Oct-12","03-Jan-13","M30","1.34"
36,"05-Oct-12","03-Jan-13","M5","36.16"
,,,,
37,"05-Oct-12","30-Oct-12","M11","24.02"
37,"05-Oct-12","30-Oct-12","M22","46.43"
37,"05-Oct-12","30-Oct-12","M6","23.44"
,,,,
38,"05-Oct-12","06-Nov-12","M8","10.34"
38,"05-Oct-12","06-Nov-12","M46","10.04"
38,"05-Oct-12","06-Nov-12","M22","14.71"
38,"05-Oct-12","06-Nov-12","M5","4.9"
,,,,
39,"05-Oct-12","01-Nov-12","M8","15.7"
39,"05-Oct-12","01-Nov-12","M3","0.1"
39,"05-Oct-12","01-Nov-12","M25","8.79"
,,,,
40,"05-Oct-12","12-Nov-12","M8","3.91"
40,"05-Oct-12","12-Nov-12","M25","6.67"
40,"05-Oct-12","12-Nov-12","M41","12.51"
40,"05-Oct-12","12-Nov-12","M38","8.31"
40,"05-Oct-12","12-Nov-12","M3","1.16"
40,"05-Oct-12","12-Nov-12","M8","2.44"
,,,,
41,"05-Oct-12","17-Oct-12","M14","11.27"
41,"05-Oct-12","17-Oct-12","M6","48.41"
,,,,
42,"05-Oct-12","08-Nov-12","M8","12.66"
42,"05-Oct-12","08-Nov-12","M32",3
42,"05-Oct-12","08-Nov-12","M34","14.23"
42,"05-Oct-12","08-Nov-12","M38","2.54"
42,"05-Oct-12","08-Nov-12","M8","6.63"
42,"05-Oct-12","08-Nov-12","M41","1.76"
,,,,
43,"05-Oct-12","16-Nov-12","M13","32.32"
43,"05-Oct-12","16-Nov-12","M45","14.86"
43,"05-Oct-12","16-Nov-12","M35","0.24"
43,"05-Oct-12","16-Nov-12","M3","6.3"
43,"05-Oct-12","16-Nov-12","M17","23.72"
43,"05-Oct-12","16-Nov-12","M47","6.68"
,,,,
44,"05-Oct-12","07-Jan-13","M8","5.15"
44,"05-Oct-12","07-Jan-13","M34","0.68"
44,"05-Oct-12","07-Jan-13","M38","2.76"
44,"05-Oct-12","07-Jan-13","M37","1.69"
,,,,
45,"05-Oct-12","01-Jan-13","M15","7.47"
45,"05-Oct-12","01-Jan-13","M5","0.9"
45,"05-Oct-12","01-Jan-13","M24","18.82"
45,"05-Oct-12","01-Jan-13","M22",15
45,"05-Oct-12","01-Jan-13","M41","15.36"
45,"05-Oct-12","01-Jan-13","M38","20.38"
45,"05-Oct-12","01-Jan-13","M30","1.93"
45,"05-Oct-12","01-Jan-13","M12","7.79"
45,"05-Oct-12","01-Jan-13","M6","17.24"
,,,,
46,"08-Oct-12","18-Oct-12","M15","10.6"
46,"08-Oct-12","18-Oct-12","M20","0.7"
,,,,
47,"08-Oct-12","20-Dec-12","M15","7.41"
47,"08-Oct-12","20-Dec-12","M22","34.75"
47,"08-Oct-12","20-Dec-12","M5","13.04"
,,,,
48,"08-Oct-12","28-Nov-12","M8","28.46"
48,"08-Oct-12","28-Nov-12","M35","1.06"
48,"08-Oct-12","28-Nov-12","M41","3.65"
48,"08-Oct-12","28-Nov-12","M36","64.42"
48,"08-Oct-12","28-Nov-12","M34","0.87"
48,"08-Oct-12","28-Nov-12","M38","2.05"
,,,,
49,"10-Oct-12","14-Nov-12","M8","5.45"
49,"10-Oct-12","14-Nov-12","M36","0.31"
49,"10-Oct-12","14-Nov-12","M38","2.5"
49,"10-Oct-12","14-Nov-12","M32","0.18"
49,"10-Oct-12","14-Nov-12","M25","2.96"
49,"10-Oct-12","14-Nov-12","M3","0.4"
49,"10-Oct-12","14-Nov-12","M17","3.47"
,,,,
50,"05-Oct-12","10-Oct-12","M9",25
50,"05-Oct-12","10-Oct-12","M35","4.36"
50,"05-Oct-12","10-Oct-12","M9","5.72"
,,,,
51,"10-Oct-12","22-Oct-12","M15","1.03"
51,"10-Oct-12","22-Oct-12","M27","32.6"
,,,,
52,"10-Oct-12","19-Feb-13","M9",6
52,"10-Oct-12","19-Feb-13","M45","12.67"
52,"10-Oct-12","19-Feb-13","M38","8.05"
52,"10-Oct-12","19-Feb-13","M17","9.97"
,,,,
53,"10-Oct-12","27-Dec-12","M13","3.3"
53,"10-Oct-12","27-Dec-12","M35","3.93"
53,"10-Oct-12","27-Dec-12","M45","13.41"
53,"10-Oct-12","27-Dec-12","M38","6.32"
,,,,
54,"10-Oct-12","14-Nov-12","M11","6.39"
54,"10-Oct-12","14-Nov-12","M36","16.63"
54,"10-Oct-12","14-Nov-12","M41","1.61"
54,"10-Oct-12","14-Nov-12","M38","11.01"
54,"10-Oct-12","14-Nov-12","M15","14.96"
54,"10-Oct-12","14-Nov-12","M30","3.71"
54,"10-Oct-12","14-Nov-12","M15","7.07"
54,"10-Oct-12","14-Nov-12","M41","33.43"
,,,,
55,"10-Oct-12","16-Nov-12","M8","1.68"
55,"10-Oct-12","16-Nov-12","M22","8.5"
55,"10-Oct-12","16-Nov-12","M30","2.9"
55,"10-Oct-12","16-Nov-12","M5","9.58"
,,,,
56,"10-Oct-12","09-Nov-12","M12","25.48"
56,"10-Oct-12","09-Nov-12","M36","0.17"
56,"10-Oct-12","09-Nov-12","M34","8.38"
56,"10-Oct-12","09-Nov-12","M38","2.89"
56,"10-Oct-12","09-Nov-12","M37","12.21"
,,,,
57,"10-Oct-12","26-Dec-12","M8","1.56"
57,"10-Oct-12","26-Dec-12","M5","7.9"
57,"10-Oct-12","26-Dec-12","M19","3.98"
,,,,
58,"10-Oct-12","06-Nov-12","M15","99.43"
58,"10-Oct-12","06-Nov-12","M46","35.35"
,,,,
59,"10-Oct-12","31-Oct-12","M11","16.21"
59,"10-Oct-12","31-Oct-12","M35","6.25"
,,,,
60,"10-Oct-12","31-Oct-12","M11","1.54"
60,"10-Oct-12","31-Oct-12","M35","8.53"
,,,,
61,"10-Oct-12","14-Jan-13","M8","4.98"
61,"10-Oct-12","14-Jan-13","M25","7.98"
61,"10-Oct-12","14-Jan-13","M36","4.64"
61,"10-Oct-12","14-Jan-13","M3","1.44"
61,"10-Oct-12","14-Jan-13","M8","3.53"
,,,,
62,"10-Oct-12","21-Jan-13","M15","39.2"
62,"10-Oct-12","21-Jan-13","M25","14.3"
62,"10-Oct-12","21-Jan-13","M41","5.06"
62,"10-Oct-12","21-Jan-13","M38","10.88"
62,"10-Oct-12","21-Jan-13","M3","0.39"
62,"10-Oct-12","21-Jan-13","M6","8.87"
62,"10-Oct-12","21-Jan-13","M50","26.63"
,,,,
63,"10-Oct-12","06-Dec-12","M8","25.21"
63,"10-Oct-12","06-Dec-12","M41","19.22"
63,"10-Oct-12","06-Dec-12","M36","45.73"
63,"10-Oct-12","06-Dec-12","M34","3.85"
63,"10-Oct-12","06-Dec-12","M27","12.74"
63,"10-Oct-12","06-Dec-12","M38","2.31"
63,"10-Oct-12","06-Dec-12","M8","7.78"
63,"10-Oct-12","06-Dec-12","M30","1.8"
63,"10-Oct-12","06-Dec-12","M8","1.26"
63,"10-Oct-12","06-Dec-12","M27","1.57"
63,"10-Oct-12","06-Dec-12","M38","4.05"
63,"10-Oct-12","06-Dec-12","M3","6.46"
,,,,
64,"10-Oct-12","19-Dec-12","M12","9.93"
64,"10-Oct-12","19-Dec-12","M21","16.1"
,,,,
65,"10-Oct-12","08-Mar-13","M8","38.92"
65,"10-Oct-12","08-Mar-13","M36","14.29"
65,"10-Oct-12","08-Mar-13","M34","2.54"
65,"10-Oct-12","08-Mar-13","M27","4.46"
65,"10-Oct-12","08-Mar-13","M8","11.31"
65,"10-Oct-12","08-Mar-13","M30","0.5"
65,"10-Oct-12","08-Mar-13","M8","4.49"
65,"10-Oct-12","08-Mar-13","M27","0.66"
65,"10-Oct-12","08-Mar-13","M3","0.93"
,,,,
66,"10-Oct-12","21-Jan-13","M15","28.69"
66,"10-Oct-12","21-Jan-13","M36","21.01"
66,"10-Oct-12","21-Jan-13","M41","0.94"
66,"10-Oct-12","21-Jan-13","M38","5.03"
66,"10-Oct-12","21-Jan-13","M3","0.9"
66,"10-Oct-12","21-Jan-13","M8","7.18"
66,"10-Oct-12","21-Jan-13","M47","9.49"
,,,,
67,"10-Oct-12","12-Nov-12","M15","16.43"
67,"10-Oct-12","12-Nov-12","M20","12.81"
,,,,
68,"10-Oct-12","19-Dec-12","M15","3.51"
68,"10-Oct-12","19-Dec-12","M35","4.19"
68,"10-Oct-12","19-Dec-12","M41","6.4"
68,"10-Oct-12","19-Dec-12","M38","2.37"
68,"10-Oct-12","19-Dec-12","M15","7.97"
68,"10-Oct-12","19-Dec-12","M5","15.63"
68,"10-Oct-12","19-Dec-12","M41","11.24"
,,,,
69,"10-Oct-12","05-Dec-12","M15","11.78"
69,"10-Oct-12","05-Dec-12","M35","4.94"
69,"10-Oct-12","05-Dec-12","M41","7.49"
69,"10-Oct-12","05-Dec-12","M38","0.28"
69,"10-Oct-12","05-Dec-12","M15","4.15"
69,"10-Oct-12","05-Dec-12","M5","14.84"
69,"10-Oct-12","05-Dec-12","M41","3.98"
,,,,
70,"10-Oct-12","07-Jan-13","M14","12.9"
70,"10-Oct-12","07-Jan-13","M45","12.29"
,,,,
71,"10-Oct-12","11-Dec-12","M2","9.1"
71,"10-Oct-12","11-Dec-12","M35","0.91"
71,"10-Oct-12","11-Dec-12","M18","12.66"
71,"10-Oct-12","11-Dec-12","M47","32.03"
,,,,
72,"10-Oct-12","25-Dec-12","M23","2.56"
72,"10-Oct-12","25-Dec-12","M46","9.68"
72,"10-Oct-12","25-Dec-12","M15","26.21"
,,,,
73,"10-Oct-12","14-Dec-12","M2","26.17"
73,"10-Oct-12","14-Dec-12","M35","59.04"
73,"10-Oct-12","14-Dec-12","M9","9.13"
73,"10-Oct-12","14-Dec-12","M47","29.32"
,,,,
74,"11-Oct-12","13-Nov-12","M11","31.07"
74,"11-Oct-12","13-Nov-12","M41","23.08"
74,"11-Oct-12","13-Nov-12","M38","6.18"
74,"11-Oct-12","13-Nov-12","M3","0.96"
74,"11-Oct-12","13-Nov-12","M11","2.05"
,,,,
75,"11-Oct-12","13-Nov-12","M11","30.92"
75,"11-Oct-12","13-Nov-12","M41","6.98"
75,"11-Oct-12","13-Nov-12","M38","7.58"
75,"11-Oct-12","13-Nov-12","M3","1.67"
75,"11-Oct-12","13-Nov-12","M11","6.57"
,,,,
76,"12-Oct-12","14-Nov-12","M46","17.03"
76,"12-Oct-12","14-Nov-12","M38","22.13"
76,"12-Oct-12","14-Nov-12","M30","11.11"
76,"12-Oct-12","14-Nov-12","M6","3.23"
76,"12-Oct-12","14-Nov-12","M15","36.85"
,,,,
77,"12-Oct-12","13-Nov-12","M12","8.37"
77,"12-Oct-12","13-Nov-12","M46","10.06"
77,"12-Oct-12","13-Nov-12","M15","30.07"
,,,,
78,"12-Oct-12","20-Nov-12","M9","9.72"
78,"12-Oct-12","20-Nov-12","M35","12.7"
78,"12-Oct-12","20-Nov-12","M23","10.44"
78,"12-Oct-12","20-Nov-12","M45","4.66"
78,"12-Oct-12","20-Nov-12","M17","4.81"
,,,,
79,"12-Oct-12","28-Dec-12","M8","38.44"
79,"12-Oct-12","28-Dec-12","M5","17.12"
79,"12-Oct-12","28-Dec-12","M41","22.72"
79,"12-Oct-12","28-Dec-12","M38","6.45"
79,"12-Oct-12","28-Dec-12","M30","15.46"
79,"12-Oct-12","28-Dec-12","M6","46.4"
,,,,
80,"12-Oct-12","14-Jan-13","M8","11.74"
80,"12-Oct-12","14-Jan-13","M5","12.03"
80,"12-Oct-12","14-Jan-13","M46","15.37"
80,"12-Oct-12","14-Jan-13","M22","17.93"
80,"12-Oct-12","14-Jan-13","M6","14.43"
,,,,
81,"12-Oct-12","15-Jan-13","M9","22.42"
81,"12-Oct-12","15-Jan-13","M45","11.96"
81,"12-Oct-12","15-Jan-13","M38","3.44"
81,"12-Oct-12","15-Jan-13","M17","16.58"
,,,,
82,"12-Oct-12","11-Dec-12","M12","80.07"
82,"12-Oct-12","11-Dec-12","M46","24.97"
82,"12-Oct-12","11-Dec-12","M15","33.81"
,,,,
83,"12-Oct-12","30-Nov-12","M9","35.75"
83,"12-Oct-12","30-Nov-12","M35","3.38"
83,"12-Oct-12","30-Nov-12","M23","19.51"
83,"12-Oct-12","30-Nov-12","M45","17.75"
83,"12-Oct-12","30-Nov-12","M17","1.64"
,,,,
84,"12-Oct-12","05-Dec-12","M8","15.99"
84,"12-Oct-12","05-Dec-12","M8","22.77"
84,"12-Oct-12","05-Dec-12","M6","10.63"
,,,,
85,"15-Oct-12","21-Jan-13","M8","21.46"
85,"15-Oct-12","21-Jan-13","M36","38.23"
85,"15-Oct-12","21-Jan-13","M41","14.05"
85,"15-Oct-12","21-Jan-13","M38","7.89"
85,"15-Oct-12","21-Jan-13","M3","0.95"
85,"15-Oct-12","21-Jan-13","M8","8.11"
85,"15-Oct-12","21-Jan-13","M50","8.59"
,,,,
86,"15-Oct-12","21-Jan-13","M8","26.66"
86,"15-Oct-12","21-Jan-13","M22","1.44"
86,"15-Oct-12","21-Jan-13","M36","20.51"
86,"15-Oct-12","21-Jan-13","M41","13.02"
86,"15-Oct-12","21-Jan-13","M3","0.57"
86,"15-Oct-12","21-Jan-13","M5","11.57"
86,"15-Oct-12","21-Jan-13","M8","4.75"
,,,,
87,"15-Oct-12","10-Dec-12","M15","0.24"
87,"15-Oct-12","10-Dec-12","M24","18.52"
87,"15-Oct-12","10-Dec-12","M22","40.1"
87,"15-Oct-12","10-Dec-12","M6","21.83"
87,"15-Oct-12","10-Dec-12","M46","6.19"
87,"15-Oct-12","10-Dec-12","M3","0.47"
,,,,
88,"15-Oct-12","23-Jan-13","M9","3.34"
88,"15-Oct-12","23-Jan-13","M45","3.79"
88,"15-Oct-12","23-Jan-13","M38","0.93"
88,"15-Oct-12","23-Jan-13","M17","6.23"
,,,,
89,"15-Oct-12","26-Nov-12","M11","60.56"
89,"15-Oct-12","26-Nov-12","M36","22.74"
89,"15-Oct-12","26-Nov-12","M38","6.22"
89,"15-Oct-12","26-Nov-12","M25","7.67"
89,"15-Oct-12","26-Nov-12","M3","3.93"
89,"15-Oct-12","26-Nov-12","M20","17.27"
,,,,
90,"16-Oct-12","29-Oct-12","M8","14.42"
90,"16-Oct-12","29-Oct-12","M12","4.06"
,,,,
91,"16-Oct-12","19-Oct-12","M4","2.48"
91,"16-Oct-12","19-Oct-12","M20","7.6"
91,"16-Oct-12","19-Oct-12","M4","1.69"
,,,,
92,"16-Oct-12","07-Mar-13","M30","0.15"
92,"16-Oct-12","07-Mar-13","M3","0.59"
,,,,
93,"16-Oct-12","12-Nov-12","M12","17.78"
93,"16-Oct-12","12-Nov-12","M35","5.17"
93,"16-Oct-12","12-Nov-12","M20","15.67"
,,,,
94,"16-Oct-12","04-Dec-12","M8","7.11"
94,"16-Oct-12","04-Dec-12","M35","4.78"
94,"16-Oct-12","04-Dec-12","M41","17.84"
94,"16-Oct-12","04-Dec-12","M8","2.72"
94,"16-Oct-12","04-Dec-12","M5","3.33"
,,,,
95,"16-Oct-12","14-Nov-12","M14","51.8"
95,"16-Oct-12","14-Nov-12","M45","49.47"
95,"16-Oct-12","14-Nov-12","M35","22.23"
95,"16-Oct-12","14-Nov-12","M17","11.05"
95,"16-Oct-12","14-Nov-12","M47","2.19"
,,,,
96,"16-Oct-12","21-Dec-12","M8","14.12"
96,"16-Oct-12","21-Dec-12","M34","6.4"
96,"16-Oct-12","21-Dec-12","M3","2.41"
96,"16-Oct-12","21-Dec-12","M8","12.38"
96,"16-Oct-12","21-Dec-12","M35","3.13"
96,"16-Oct-12","21-Dec-12","M19","1.84"
96,"16-Oct-12","21-Dec-12","M5","2.76"
96,"16-Oct-12","21-Dec-12","M41","5.5"
,,,,
97,"18-Oct-12","14-Nov-12","M10","36.13"
97,"18-Oct-12","14-Nov-12","M41","32.54"
97,"18-Oct-12","14-Nov-12","M22","6.68"
97,"18-Oct-12","14-Nov-12","M21","19.11"
97,"18-Oct-12","14-Nov-12","M32","3.39"
,,,,
98,"18-Oct-12","06-Dec-12","M10","177.87"
98,"18-Oct-12","06-Dec-12","M24","15.12"
98,"18-Oct-12","06-Dec-12","M36","147.72"
,,,,
99,"18-Oct-12","14-Nov-12","M8","8.68"
99,"18-Oct-12","14-Nov-12","M45","3.5"
99,"18-Oct-12","14-Nov-12","M38","3.47"
,,,,
100,"18-Oct-12","30-Oct-12","M8",9
100,"18-Oct-12","30-Oct-12","M20","11.19"
,,,,
101,"18-Oct-12","06-Feb-13","M10","60.28"
101,"18-Oct-12","06-Feb-13","M24","30.89"
101,"18-Oct-12","06-Feb-13","M46","7.17"
101,"18-Oct-12","06-Feb-13","M3","4.86"
,,,,
102,"18-Oct-12","30-Oct-12","M8","4.92"
102,"18-Oct-12","30-Oct-12","M22","29.36"
,,,,
103,"18-Oct-12","16-Nov-12","M8","13.45"
103,"18-Oct-12","16-Nov-12","M5","6.95"
103,"18-Oct-12","16-Nov-12","M36","4.57"
103,"18-Oct-12","16-Nov-12","M41","18.33"
103,"18-Oct-12","16-Nov-12","M38","4.43"
103,"18-Oct-12","16-Nov-12","M30","1.27"
103,"18-Oct-12","16-Nov-12","M5","18.37"
,,,,
104,"18-Oct-12","18-Dec-12","M11","28.7"
104,"18-Oct-12","18-Dec-12","M27","11.87"
104,"18-Oct-12","18-Dec-12","M36","2.78"
104,"18-Oct-12","18-Dec-12","M41","8.6"
104,"18-Oct-12","18-Dec-12","M30","9.42"
104,"18-Oct-12","18-Dec-12","M5","19.4"
,,,,
105,"18-Oct-12","18-Jan-13","M10","113.53"
105,"18-Oct-12","18-Jan-13","M24","11.43"
105,"18-Oct-12","18-Jan-13","M36",14
,,,,
106,"18-Oct-12","27-Nov-12","M12","44.04"
106,"18-Oct-12","27-Nov-12","M35","0.32"
106,"18-Oct-12","27-Nov-12","M20","17.9"
,,,,
107,"18-Oct-12","18-Dec-12","M8","0.8"
107,"18-Oct-12","18-Dec-12","M22","14.36"
107,"18-Oct-12","18-Dec-12","M41","3.14"
107,"18-Oct-12","18-Dec-12","M5","17.77"
107,"18-Oct-12","18-Dec-12","M41",5
,,,,
108,"18-Oct-12","06-Dec-12","M2","8.38"
108,"18-Oct-12","06-Dec-12","M35","2.81"
108,"18-Oct-12","06-Dec-12","M18","14.28"
108,"18-Oct-12","06-Dec-12","M47","20.97"
,,,,
109,"18-Oct-12","08-Jan-13","M46","19.9"
109,"18-Oct-12","08-Jan-13","M15","8.72"
,,,,
110,"18-Oct-12","28-Dec-12","M8","0.51"
110,"18-Oct-12","28-Dec-12","M45","5.93"
110,"18-Oct-12","28-Dec-12","M35","3.44"
110,"18-Oct-12","28-Dec-12","M17","4.25"
110,"18-Oct-12","28-Dec-12","M47","3.5"
,,,,
111,"18-Oct-12","15-Jan-13","M46","10.97"
111,"18-Oct-12","15-Jan-13","M35","9.68"
111,"18-Oct-12","15-Jan-13","M38","8.49"
111,"18-Oct-12","15-Jan-13","M3","0.6"
111,"18-Oct-12","15-Jan-13","M5","59.21"
111,"18-Oct-12","15-Jan-13","M15","7.18"
111,"18-Oct-12","15-Jan-13","M47","7.81"
,,,,
112,"22-Oct-12","08-Feb-13","M10","31.21"
112,"22-Oct-12","08-Feb-13","M41","23.03"
112,"22-Oct-12","08-Feb-13","M38","6.27"
112,"22-Oct-12","08-Feb-13","M18","14.52"
,,,,
113,"22-Oct-12","24-Oct-12","M30","0.26"
113,"22-Oct-12","24-Oct-12","M4","0.48"
,,,,
114,"22-Oct-12","04-Dec-12","M13","16.56"
114,"22-Oct-12","04-Dec-12","M32","70.33"
114,"22-Oct-12","04-Dec-12","M45","0.23"
114,"22-Oct-12","04-Dec-12","M3","7.06"
,,,,
115,"22-Oct-12","29-Nov-12","M9","102.98"
115,"22-Oct-12","29-Nov-12","M35","15.97"
115,"22-Oct-12","29-Nov-12","M21","38.43"
,,,,
116,"22-Oct-12","21-Jan-13","M41","17.17"
116,"22-Oct-12","21-Jan-13","M30","10.84"
116,"22-Oct-12","21-Jan-13","M6","13.57"
,,,,
117,"22-Oct-12","12-Jul-13","M8","7.48"
117,"22-Oct-12","12-Jul-13","M5","9.81"
117,"22-Oct-12","12-Jul-13","M41","10.19"
117,"22-Oct-12","12-Jul-13","M22","14.65"
117,"22-Oct-12","12-Jul-13","M37","27.99"
117,"22-Oct-12","12-Jul-13","M30","6.57"
117,"22-Oct-12","12-Jul-13","M5","13.62"
,,,,
118,"22-Oct-12","10-Dec-12","M8","16.25"
118,"22-Oct-12","10-Dec-12","M34","12.94"
118,"22-Oct-12","10-Dec-12","M38","2.58"
,,,,
119,"22-Oct-12","28-Nov-12","M8","4.49"
119,"22-Oct-12","28-Nov-12","M5","30.24"
119,"22-Oct-12","28-Nov-12","M34","3.02"
,,,,
120,"22-Oct-12","04-Dec-12","M46","25.37"
120,"22-Oct-12","04-Dec-12","M15","2.59"
,,,,
121,"22-Oct-12","18-Dec-12","M46","25.78"
121,"22-Oct-12","18-Dec-12","M15","23.12"
,,,,
122,"22-Oct-12","30-Nov-12","M9","3.88"
122,"22-Oct-12","30-Nov-12","M35","1.64"
122,"22-Oct-12","30-Nov-12","M23","1.26"
122,"22-Oct-12","30-Nov-12","M45","3.75"
,,,,
123,"22-Oct-12","26-Dec-12","M8","44.36"
123,"22-Oct-12","26-Dec-12","M8","12.06"
123,"22-Oct-12","26-Dec-12","M6","9.74"
,,,,
,,,,
125,"23-Oct-12","09-Nov-12","M8","15.5"
125,"23-Oct-12","09-Nov-12","M35","6.7"
,,,,
126,"23-Oct-12","14-Nov-12","M8","13.08"
126,"23-Oct-12","14-Nov-12","M35","1.1"
126,"23-Oct-12","14-Nov-12","M36","15.4"
126,"23-Oct-12","14-Nov-12","M34","2.31"
126,"23-Oct-12","14-Nov-12","M40","1.12"
,,,,
127,"23-Oct-12","27-Nov-12","M15","0.88"
127,"23-Oct-12","27-Nov-12","M5","16.33"
127,"23-Oct-12","27-Nov-12","M36","7.4"
127,"23-Oct-12","27-Nov-12","M41","2.44"
127,"23-Oct-12","27-Nov-12","M22","5.61"
127,"23-Oct-12","27-Nov-12","M5","13.62"
,,,,
128,"24-Oct-12","30-Nov-12","M8","35.11"
128,"24-Oct-12","30-Nov-12","M41","23.47"
128,"24-Oct-12","30-Nov-12","M38","0.65"
128,"24-Oct-12","30-Nov-12","M40","7.8"
128,"24-Oct-12","30-Nov-12","M18","30.74"
,,,,
129,"24-Oct-12","10-Dec-12","M8","0.21"
129,"24-Oct-12","10-Dec-12","M22","2.72"
,,,,
130,"24-Oct-12","23-Apr-13","M9","8.21"
130,"24-Oct-12","23-Apr-13","M41","6.68"
130,"24-Oct-12","23-Apr-13","M38","1.17"
130,"24-Oct-12","23-Apr-13","M38","0.42"
130,"24-Oct-12","23-Apr-13","M8","12.76"
130,"24-Oct-12","23-Apr-13","M3","7.51"
,,,,
131,"24-Oct-12","27-Dec-12","M9","22.06"
131,"24-Oct-12","27-Dec-12","M35","4.16"
131,"24-Oct-12","27-Dec-12","M40","10.56"
131,"24-Oct-12","27-Dec-12","M25","3.38"
,,,,
132,"24-Oct-12","25-Jan-13","M14","26.53"
132,"24-Oct-12","25-Jan-13","M35","11.47"
132,"24-Oct-12","25-Jan-13","M40","5.71"
,,,,
133,"24-Oct-12","05-Feb-13","M46","15.74"
133,"24-Oct-12","05-Feb-13","M5","3.71"
133,"24-Oct-12","05-Feb-13","M30","6.78"
133,"24-Oct-12","05-Feb-13","M6","19.55"
,,,,
134,"24-Oct-12","27-Dec-12","M13","35.75"
134,"24-Oct-12","27-Dec-12","M32","3.52"
134,"24-Oct-12","27-Dec-12","M45","18.65"
134,"24-Oct-12","27-Dec-12","M3","22.69"
,,,,
135,"24-Oct-12","29-Nov-12","M14","34.57"
135,"24-Oct-12","29-Nov-12","M45","32.91"
135,"24-Oct-12","29-Nov-12","M38","3.97"
,,,,
136,"24-Oct-12","10-Dec-12","M8","2.01"
136,"24-Oct-12","10-Dec-12","M27","1.66"
136,"24-Oct-12","10-Dec-12","M41","3.4"
136,"24-Oct-12","10-Dec-12","M38","1.2"
136,"24-Oct-12","10-Dec-12","M5","2.2"
136,"24-Oct-12","10-Dec-12","M41","7.3"
,,,,
137,"24-Oct-12","27-Nov-12","M10","20.16"
137,"24-Oct-12","27-Nov-12","M21","39.3"
,,,,
138,"24-Oct-12","16-Nov-12","M9","10.1"
138,"24-Oct-12","16-Nov-12","M41","34.49"
138,"24-Oct-12","16-Nov-12","M18","5.66"
,,,,
139,"25-Oct-12","13-Feb-13","M12","45.77"
139,"25-Oct-12","13-Feb-13","M35","7.32"
139,"25-Oct-12","13-Feb-13","M30","2.14"
,,,,
140,"25-Oct-12","18-Dec-12","M8","8.35"
140,"25-Oct-12","18-Dec-12","M35","6.66"
140,"25-Oct-12","18-Dec-12","M41","6.17"
140,"25-Oct-12","18-Dec-12","M38","5.35"
140,"25-Oct-12","18-Dec-12","M6","8.88"
140,"25-Oct-12","18-Dec-12","M47","42.69"
,,,,
141,"25-Oct-12","19-Dec-12","M9","8.33"
141,"25-Oct-12","19-Dec-12","M35","16.62"
,,,,
142,"25-Oct-12","21-Jan-13","M13","70.76"
142,"25-Oct-12","21-Jan-13","M45","29.79"
142,"25-Oct-12","21-Jan-13","M17","62.73"
,,,,
143,"25-Oct-12","01-Feb-13","M35","28.01"
143,"25-Oct-12","01-Feb-13","M23","4.66"
143,"25-Oct-12","01-Feb-13","M34","55.58"
,,,,
144,"25-Oct-12","08-Feb-13","M13","2.47"
144,"25-Oct-12","08-Feb-13","M45","3.32"
144,"25-Oct-12","08-Feb-13","M38","9.8"
144,"25-Oct-12","08-Feb-13","M17","2.69"
,,,,
145,"25-Oct-12","28-Feb-13","M12","64.49"
145,"25-Oct-12","28-Feb-13","M41","17.68"
145,"25-Oct-12","28-Feb-13","M30","8.35"
,,,,
146,"25-Oct-12","28-Jan-13","M9","21.58"
146,"25-Oct-12","28-Jan-13","M45","5.12"
146,"25-Oct-12","28-Jan-13","M38","0.86"
146,"25-Oct-12","28-Jan-13","M17","9.28"
,,,,
147,"25-Oct-12","11-Feb-13","M9","0.73"
147,"25-Oct-12","11-Feb-13","M35","9.33"
147,"25-Oct-12","11-Feb-13","M45","8.17"
147,"25-Oct-12","11-Feb-13","M38","4.81"
,,,,
148,"26-Oct-12","02-Nov-12","M8","5.99"
148,"26-Oct-12","02-Nov-12","M27","5.99"
,,,,
149,"26-Oct-12","02-Nov-12","M12","1.36"
149,"26-Oct-12","02-Nov-12","M46","12.42"
,,,,
150,"26-Oct-12","08-Nov-12","M11",45
150,"26-Oct-12","08-Nov-12","M22","4.69"
,,,,
151,"26-Oct-12","13-Nov-12","M24","9.01"
151,"26-Oct-12","13-Nov-12","M27","1.28"
,,,,
152,"26-Oct-12","21-Feb-13","M8","9.98"
152,"26-Oct-12","21-Feb-13","M36","2.33"
152,"26-Oct-12","21-Feb-13","M22","3.84"
152,"26-Oct-12","21-Feb-13","M5","6.54"
,,,,
153,"26-Oct-12","04-Dec-12","M32","15.15"
153,"26-Oct-12","04-Dec-12","M41","7.77"
153,"26-Oct-12","04-Dec-12","M38","1.8"
153,"26-Oct-12","04-Dec-12","M17","7.67"
153,"26-Oct-12","04-Dec-12","M47","9.42"
,,,,
154,"26-Oct-12","21-Nov-12","M32","10.22"
154,"26-Oct-12","21-Nov-12","M41","9.7"
154,"26-Oct-12","21-Nov-12","M38","5.01"
154,"26-Oct-12","21-Nov-12","M17","1.83"
154,"26-Oct-12","21-Nov-12","M47","28.07"
,,,,
155,"26-Oct-12","04-Dec-12","M14","39.64"
155,"26-Oct-12","04-Dec-12","M45","38.36"
155,"26-Oct-12","04-Dec-12","M35","13.99"
155,"26-Oct-12","04-Dec-12","M17","49.88"
155,"26-Oct-12","04-Dec-12","M47","8.1"
,,,,
156,"26-Oct-12","10-Dec-12","M14","0.19"
156,"26-Oct-12","10-Dec-12","M45","17.16"
156,"26-Oct-12","10-Dec-12","M35","14.1"
156,"26-Oct-12","10-Dec-12","M17","8.17"
156,"26-Oct-12","10-Dec-12","M47","26.13"
,,,,
157,"26-Oct-12","15-Jan-13","M12","16.77"
157,"26-Oct-12","15-Jan-13","M35","4.26"
157,"26-Oct-12","15-Jan-13","M20","8.75"
,,,,
158,"30-Oct-12","07-Nov-12","M4","1.94"
158,"30-Oct-12","07-Nov-12","M20","3.88"
158,"30-Oct-12","07-Nov-12","M4","1.53"
,,,,
159,"30-Oct-12","28-Dec-12","M9","5.28"
159,"30-Oct-12","28-Dec-12","M45","12.39"
159,"30-Oct-12","28-Dec-12","M40","0.39"
159,"30-Oct-12","28-Dec-12","M17","8.23"
159,"30-Oct-12","28-Dec-12","M4","5.38"
,,,,
160,"30-Oct-12","30-Nov-12","M9","3.24"
160,"30-Oct-12","30-Nov-12","M41","13.83"
160,"30-Oct-12","30-Nov-12","M38","1.14"
160,"30-Oct-12","30-Nov-12","M38","0.7"
160,"30-Oct-12","30-Nov-12","M8","3.42"
160,"30-Oct-12","30-Nov-12","M3","0.94"
,,,,
161,"31-Oct-12","15-Feb-13","M13","4.56"
161,"31-Oct-12","15-Feb-13","M45","0.59"
161,"31-Oct-12","15-Feb-13","M38","0.27"
161,"31-Oct-12","15-Feb-13","M17","3.3"
161,"31-Oct-12","15-Feb-13","M4","1.98"
,,,,
162,"31-Oct-12","14-Jan-13","M14","106.05"
162,"31-Oct-12","14-Jan-13","M45","25.14"
162,"31-Oct-12","14-Jan-13","M5","33.31"
,,,,
163,"31-Oct-12","18-Mar-13","M9","4.26"
163,"31-Oct-12","18-Mar-13","M41","9.35"
163,"31-Oct-12","18-Mar-13","M38","2.13"
163,"31-Oct-12","18-Mar-13","M37","7.56"
163,"31-Oct-12","18-Mar-13","M38","2.65"
163,"31-Oct-12","18-Mar-13","M8","1.37"
163,"31-Oct-12","18-Mar-13","M3","2.62"
,,,,
164,"31-Oct-12","20-May-13","M35","35.19"
164,"31-Oct-12","20-May-13","M23","11.54"
164,"31-Oct-12","20-May-13","M34","87.64"
,,,,
165,"31-Oct-12","08-Feb-13","M8","27.07"
165,"31-Oct-12","08-Feb-13","M5","12.41"
165,"31-Oct-12","08-Feb-13","M41","32.23"
165,"31-Oct-12","08-Feb-13","M38","8.21"
165,"31-Oct-12","08-Feb-13","M30","11.22"
165,"31-Oct-12","08-Feb-13","M6","68.23"
,,,,
166,"31-Oct-12","23-Jan-13","M46","0.04"
166,"31-Oct-12","23-Jan-13","M6","19.4"
166,"31-Oct-12","23-Jan-13","M21","31.88"
,,,,
167,"31-Oct-12","24-Jan-13","M12","60.21"
167,"31-Oct-12","24-Jan-13","M41","11.07"
167,"31-Oct-12","24-Jan-13","M30","10.53"
,,,,
168,"31-Oct-12","02-Apr-13","M35","67.59"
168,"31-Oct-12","02-Apr-13","M23","45.97"
168,"31-Oct-12","02-Apr-13","M34","8.77"
,,,,
169,"31-Oct-12","22-Feb-13","M41","35.33"
169,"31-Oct-12","22-Feb-13","M30","1.37"
169,"31-Oct-12","22-Feb-13","M6","28.7"
,,,,
170,"31-Oct-12","31-Jan-13","M46","5.94"
170,"31-Oct-12","31-Jan-13","M6","7.84"
170,"31-Oct-12","31-Jan-13","M21","3.86"
,,,,
171,"31-Oct-12","07-Nov-12","M15","27.92"
171,"31-Oct-12","07-Nov-12","M27","0.98"
,,,,
172,"31-Oct-12","17-Dec-12","M8","2.24"
172,"31-Oct-12","17-Dec-12","M5","0.38"
172,"31-Oct-12","17-Dec-12","M27","8.64"
,,,,
173,"31-Oct-12","28-Jun-13","M12","8.01"
173,"31-Oct-12","28-Jun-13","M33","0.79"
173,"31-Oct-12","28-Jun-13","M5","11.69"
173,"31-Oct-12","28-Jun-13","M8","10.03"
,,,,
174,"31-Oct-12","12-Nov-12","M12","18.84"
174,"31-Oct-12","12-Nov-12","M24","5.33"
,,,,
175,"31-Oct-12","15-Jan-13","M23","99.3"
175,"31-Oct-12","15-Jan-13","M46","12.62"
175,"31-Oct-12","15-Jan-13","M15","39.25"
,,,,
176,"31-Oct-12","10-Jan-13","M2","9.61"
176,"31-Oct-12","10-Jan-13","M35","53.77"
176,"31-Oct-12","10-Jan-13","M9","53.79"
176,"31-Oct-12","10-Jan-13","M47","37.45"
,,,,
177,"31-Oct-12","17-Dec-12","M15","33.15"
177,"31-Oct-12","17-Dec-12","M23","2.01"
177,"31-Oct-12","17-Dec-12","M46","11.04"
177,"31-Oct-12","17-Dec-12","M15","5.06"
,,,,
178,"31-Oct-12","27-Dec-12","M2","46.67"
178,"31-Oct-12","27-Dec-12","M35","41.68"
178,"31-Oct-12","27-Dec-12","M18","1.95"
178,"31-Oct-12","27-Dec-12","M47","10.58"
,,,,
179,"31-Oct-12","04-Dec-12","M8","7.7"
179,"31-Oct-12","04-Dec-12","M27","1.74"
179,"31-Oct-12","04-Dec-12","M34","3.48"
,,,,
180,"31-Oct-12","21-Dec-12","M13","37.26"
180,"31-Oct-12","21-Dec-12","M41","0.12"
180,"31-Oct-12","21-Dec-12","M17","0.19"
,,,,
181,"31-Oct-12","31-Dec-12","M46","14.33"
181,"31-Oct-12","31-Dec-12","M15","31.53"
,,,,
182,"31-Oct-12","24-Dec-12","M2","17.72"
182,"31-Oct-12","24-Dec-12","M35","13.29"
182,"31-Oct-12","24-Dec-12","M18","15.47"
182,"31-Oct-12","24-Dec-12","M47","11.66"
,,,,
183,"31-Oct-12","05-Feb-13","M46","8.62"
183,"31-Oct-12","05-Feb-13","M35","5.74"
183,"31-Oct-12","05-Feb-13","M38","6.78"
183,"31-Oct-12","05-Feb-13","M3","2.12"
183,"31-Oct-12","05-Feb-13","M5","55.48"
183,"31-Oct-12","05-Feb-13","M15","10.21"
183,"31-Oct-12","05-Feb-13","M47","6.34"
,,,,
184,"31-Oct-12","21-Jan-13","M46","12.65"
184,"31-Oct-12","21-Jan-13","M38","0.38"
184,"31-Oct-12","21-Jan-13","M18","0.82"
184,"31-Oct-12","21-Jan-13","M47","11.18"
,,,,
185,"01-Nov-12","15-Jan-13","M8","9.6"
185,"01-Nov-12","15-Jan-13","M3","0.38"
185,"01-Nov-12","15-Jan-13","M8","0.35"
,,,,
186,"01-Nov-12","08-Jan-13","M8","51.41"
186,"01-Nov-12","08-Jan-13","M34","13.95"
186,"01-Nov-12","08-Jan-13","M38","1.37"
186,"01-Nov-12","08-Jan-13","M3","0.79"
,,,,
187,"01-Nov-12","25-Jan-13","M11","22.47"
187,"01-Nov-12","25-Jan-13","M41","55.97"
187,"01-Nov-12","25-Jan-13","M38","2.18"
187,"01-Nov-12","25-Jan-13","M3","2.74"
,,,,
188,"01-Nov-12","20-Dec-12","M9","24.73"
188,"01-Nov-12","20-Dec-12","M41","8.75"
188,"01-Nov-12","20-Dec-12","M36","2.51"
188,"01-Nov-12","20-Dec-12","M38","1.27"
188,"01-Nov-12","20-Dec-12","M25","7.54"
188,"01-Nov-12","20-Dec-12","M3","0.76"
188,"01-Nov-12","20-Dec-12","M18","0.87"
,,,,
189,"01-Nov-12","30-Nov-12","M9","9.77"
189,"01-Nov-12","30-Nov-12","M41","29.83"
189,"01-Nov-12","30-Nov-12","M38","1.38"
189,"01-Nov-12","30-Nov-12","M3","0.8"
,,,,
190,"01-Nov-12","15-Jan-13","M8","7.12"
190,"01-Nov-12","15-Jan-13","M25","2.69"
190,"01-Nov-12","15-Jan-13","M41","0.21"
190,"01-Nov-12","15-Jan-13","M38","0.3"
190,"01-Nov-12","15-Jan-13","M3","1.64"
190,"01-Nov-12","15-Jan-13","M8","4.91"
,,,,
191,"01-Nov-12","23-Nov-12","M24","1.2"
191,"01-Nov-12","23-Nov-12","M10","14.22"
,,,,
192,"01-Nov-12","17-Dec-12","M9","12.05"
192,"01-Nov-12","17-Dec-12","M35","0.1"
192,"01-Nov-12","17-Dec-12","M21","90.73"
,,,,
193,"01-Nov-12","01-Feb-13","M9","41.01"
193,"01-Nov-12","01-Feb-13","M35","16.77"
193,"01-Nov-12","01-Feb-13","M45","44.72"
193,"01-Nov-12","01-Feb-13","M40","6.37"
,,,,
194,"01-Nov-12","07-Feb-13","M8","30.1"
194,"01-Nov-12","07-Feb-13","M5","4.79"
194,"01-Nov-12","07-Feb-13","M46","3.51"
194,"01-Nov-12","07-Feb-13","M22","7.55"
194,"01-Nov-12","07-Feb-13","M6","7.19"
,,,,
195,"01-Nov-12","17-Jan-13","M8","4.89"
195,"01-Nov-12","17-Jan-13","M36","6.61"
195,"01-Nov-12","17-Jan-13","M38","2.16"
195,"01-Nov-12","17-Jan-13","M32","6.24"
195,"01-Nov-12","17-Jan-13","M25","2.97"
195,"01-Nov-12","17-Jan-13","M3","2.91"
195,"01-Nov-12","17-Jan-13","M17","0.5"
,,,,
196,"01-Nov-12","08-Jan-13","M11","84.35"
196,"01-Nov-12","08-Jan-13","M22","33.27"
196,"01-Nov-12","08-Jan-13","M6","38.66"
,,,,
197,"01-Nov-12","18-Dec-12","M11","1.1"
197,"01-Nov-12","18-Dec-12","M27","0.68"
197,"01-Nov-12","18-Dec-12","M36","29.6"
197,"01-Nov-12","18-Dec-12","M41","13.29"
197,"01-Nov-12","18-Dec-12","M30","4.42"
197,"01-Nov-12","18-Dec-12","M5","1.97"
,,,,
198,"01-Nov-12","29-Jan-13","M46","12.26"
198,"01-Nov-12","29-Jan-13","M15","41.4"
,,,,
199,"05-Nov-12","14-Nov-12","M30","6.39"
199,"05-Nov-12","14-Nov-12","M27","18.51"
199,"05-Nov-12","14-Nov-12","M45","19.21"
,,,,
200,"05-Nov-12","10-Dec-12","M9","10.28"
200,"05-Nov-12","10-Dec-12","M35","8.92"
200,"05-Nov-12","10-Dec-12","M23","26.06"
200,"05-Nov-12","10-Dec-12","M45","73.21"
200,"05-Nov-12","10-Dec-12","M17","3.85"
,,,,
201,"05-Nov-12","14-Jan-13","M14","2.41"
201,"05-Nov-12","14-Jan-13","M41","5.58"
201,"05-Nov-12","14-Jan-13","M30","1.61"
201,"05-Nov-12","14-Jan-13","M6","14.26"
,,,,
202,"05-Nov-12","10-Jan-13","M9","8.14"
202,"05-Nov-12","10-Jan-13","M35","1.59"
202,"05-Nov-12","10-Jan-13","M45","9.6"
202,"05-Nov-12","10-Jan-13","M40","1.77"
,,,,
203,"05-Nov-12","20-Mar-13","M9","11.29"
203,"05-Nov-12","20-Mar-13","M45","6.53"
203,"05-Nov-12","20-Mar-13","M40","0.49"
203,"05-Nov-12","20-Mar-13","M17","5.31"
203,"05-Nov-12","20-Mar-13","M4","6.56"
,,,,
204,"05-Nov-12","04-Apr-13","M9","10.82"
204,"05-Nov-12","04-Apr-13","M35","1.6"
204,"05-Nov-12","04-Apr-13","M45","12.12"
204,"05-Nov-12","04-Apr-13","M40","0.7"
,,,,
205,"05-Nov-12","04-Mar-13","M13","4.53"
205,"05-Nov-12","04-Mar-13","M35","1.1"
205,"05-Nov-12","04-Mar-13","M45","13.63"
205,"05-Nov-12","04-Mar-13","M38","2.08"
205,"05-Nov-12","04-Mar-13","M40","1.1"
,,,,
206,"05-Nov-12","01-Feb-13","M9","3.75"
206,"05-Nov-12","01-Feb-13","M35","2.03"
206,"05-Nov-12","01-Feb-13","M45","4.87"
206,"05-Nov-12","01-Feb-13","M34","0.87"
206,"05-Nov-12","01-Feb-13","M40","1.34"
206,"05-Nov-12","01-Feb-13","M37","1.98"
206,"05-Nov-12","01-Feb-13","M38","2.6"
,,,,
207,"05-Nov-12","04-Mar-13","M8","2.75"
207,"05-Nov-12","04-Mar-13","M5","6.29"
207,"05-Nov-12","04-Mar-13","M46","3.93"
207,"05-Nov-12","04-Mar-13","M22","10.53"
207,"05-Nov-12","04-Mar-13","M40","1.73"
207,"05-Nov-12","04-Mar-13","M6","12.78"
,,,,
208,"05-Nov-12","12-Feb-13","M9","5.54"
208,"05-Nov-12","12-Feb-13","M35","3.57"
208,"05-Nov-12","12-Feb-13","M45","10.18"
208,"05-Nov-12","12-Feb-13","M38","0.31"
,,,,
209,"05-Nov-12","31-Dec-12","M12","6.13"
209,"05-Nov-12","31-Dec-12","M22","4.28"
209,"05-Nov-12","31-Dec-12","M15","0.42"
209,"05-Nov-12","31-Dec-12","M20","1.88"
209,"05-Nov-12","31-Dec-12","M41","14.32"
209,"05-Nov-12","31-Dec-12","M3","1.67"
,,,,
210,"05-Nov-12","29-Mar-13","M15","7.85"
210,"05-Nov-12","29-Mar-13","M18","10.21"
,,,,
211,"05-Nov-12","02-Jan-13","M9","34.04"
211,"05-Nov-12","02-Jan-13","M35","0.7"
211,"05-Nov-12","02-Jan-13","M23","13.89"
211,"05-Nov-12","02-Jan-13","M45","71.76"
211,"05-Nov-12","02-Jan-13","M17","14.14"
,,,,
212,"05-Nov-12","30-Nov-12","M8","18.39"
212,"05-Nov-12","30-Nov-12","M3","0.6"
212,"05-Nov-12","30-Nov-12","M25","10.82"
,,,,
213,"05-Nov-12","16-Jan-13","M11","82.81"
213,"05-Nov-12","16-Jan-13","M41","77.76"
213,"05-Nov-12","16-Jan-13","M38","12.92"
213,"05-Nov-12","16-Jan-13","M3","3.77"
213,"05-Nov-12","16-Jan-13","M11","10.81"
,,,,
214,"06-Nov-12","20-Dec-12","M14","43.54"
214,"06-Nov-12","20-Dec-12","M45","31.06"
214,"06-Nov-12","20-Dec-12","M5","15.03"
,,,,
215,"06-Nov-12","26-Dec-12","M10","79.77"
215,"06-Nov-12","26-Dec-12","M24","45.63"
215,"06-Nov-12","26-Dec-12","M36","53.08"
,,,,
216,"06-Nov-12","03-Jan-13","M8","4.97"
216,"06-Nov-12","03-Jan-13","M36","4.79"
216,"06-Nov-12","03-Jan-13","M38","4.7"
216,"06-Nov-12","03-Jan-13","M25","11.15"
216,"06-Nov-12","03-Jan-13","M3","0.17"
216,"06-Nov-12","03-Jan-13","M17","7.47"
,,,,
217,"07-Nov-12","30-Nov-12","M10","11.65"
217,"07-Nov-12","30-Nov-12","M24","9.43"
217,"07-Nov-12","30-Nov-12","M10","14.99"
,,,,
218,"07-Nov-12","17-Dec-12","M15","11.55"
218,"07-Nov-12","17-Dec-12","M3","4.73"
218,"07-Nov-12","17-Dec-12","M41","9.52"
218,"07-Nov-12","17-Dec-12","M38","2.33"
218,"07-Nov-12","17-Dec-12","M18","30.31"
218,"07-Nov-12","17-Dec-12","M35","0.67"
218,"07-Nov-12","17-Dec-12","M48","13.62"
,,,,
219,"07-Nov-12","21-Feb-13","M13","8.53"
219,"07-Nov-12","21-Feb-13","M45","3.64"
219,"07-Nov-12","21-Feb-13","M34","1.62"
219,"07-Nov-12","21-Feb-13","M40","1.66"
219,"07-Nov-12","21-Feb-13","M37","0.92"
219,"07-Nov-12","21-Feb-13","M38","1.61"
219,"07-Nov-12","21-Feb-13","M17","1.81"
219,"07-Nov-12","21-Feb-13","M4","2.76"
,,,,
220,"07-Nov-12","15-Feb-13","M13","2.09"
220,"07-Nov-12","15-Feb-13","M35","1.45"
220,"07-Nov-12","15-Feb-13","M45","8.25"
220,"07-Nov-12","15-Feb-13","M34","4.18"
220,"07-Nov-12","15-Feb-13","M40","1.28"
220,"07-Nov-12","15-Feb-13","M37","11.67"
220,"07-Nov-12","15-Feb-13","M38","1.08"
,,,,
221,"07-Nov-12","14-Aug-13","M13","4.8"
221,"07-Nov-12","14-Aug-13","M35","0.36"
221,"07-Nov-12","14-Aug-13","M45",6
221,"07-Nov-12","14-Aug-13","M38","1.14"
221,"07-Nov-12","14-Aug-13","M37","3.43"
221,"07-Nov-12","14-Aug-13","M38","0.07"
,,,,
222,"07-Nov-12","14-Jan-13","M13","12.41"
222,"07-Nov-12","14-Jan-13","M8","3.31"
222,"07-Nov-12","14-Jan-13","M35","3.25"
222,"07-Nov-12","14-Jan-13","M32","5.55"
222,"07-Nov-12","14-Jan-13","M27","5.45"
222,"07-Nov-12","14-Jan-13","M5","5.87"
222,"07-Nov-12","14-Jan-13","M8","0.76"
,,,,
223,"07-Nov-12","25-Dec-12","M15","1.49"
223,"07-Nov-12","25-Dec-12","M41","21.32"
223,"07-Nov-12","25-Dec-12","M38","4.67"
223,"07-Nov-12","25-Dec-12","M6","15.85"
,,,,
224,"07-Nov-12","06-Dec-12","M8","8.71"
224,"07-Nov-12","06-Dec-12","M32","5.8"
224,"07-Nov-12","06-Dec-12","M27","2.2"
224,"07-Nov-12","06-Dec-12","M3","1.03"
224,"07-Nov-12","06-Dec-12","M45","0.87"
,,,,
225,"07-Nov-12","22-Mar-13","M15","10.61"
225,"07-Nov-12","22-Mar-13","M21",12
,,,,
226,"07-Nov-12","10-Dec-12","M15","11.02"
226,"07-Nov-12","10-Dec-12","M3","1.28"
226,"07-Nov-12","10-Dec-12","M41","3.55"
226,"07-Nov-12","10-Dec-12","M38","2.81"
,,,,
227,"07-Nov-12","10-Dec-12","M12","37.89"
227,"07-Nov-12","10-Dec-12","M22","21.81"
227,"07-Nov-12","10-Dec-12","M45","22.8"
,,,,
228,"07-Nov-12","11-Jan-13","M46","25.52"
228,"07-Nov-12","11-Jan-13","M15","16.86"
,,,,
229,"07-Nov-12","21-Dec-12","M9","35.17"
229,"07-Nov-12","21-Dec-12","M35","9.48"
229,"07-Nov-12","21-Dec-12","M23","16.91"
229,"07-Nov-12","21-Dec-12","M45","33.12"
229,"07-Nov-12","21-Dec-12","M17","20.9"
,,,,
230,"07-Nov-12","25-Dec-12","M9","5.07"
230,"07-Nov-12","25-Dec-12","M35","16.6"
230,"07-Nov-12","25-Dec-12","M23","8.5"
230,"07-Nov-12","25-Dec-12","M45","7.36"
230,"07-Nov-12","25-Dec-12","M17","9.21"
,,,,
231,"08-Nov-12","21-Nov-12","M11","32.12"
231,"08-Nov-12","21-Nov-12","M22","7.96"
,,,,
232,"08-Nov-12","14-Jan-13","M12","3.43"
232,"08-Nov-12","14-Jan-13","M41","1.18"
232,"08-Nov-12","14-Jan-13","M30","17.77"
,,,,
233,"12-Nov-12","01-Jan-13","M8","0.73"
233,"12-Nov-12","01-Jan-13","M41","5.05"
233,"12-Nov-12","01-Jan-13","M27","3.81"
233,"12-Nov-12","01-Jan-13","M30","0.47"
233,"12-Nov-12","01-Jan-13","M5","2.22"
,,,,
234,"12-Nov-12","01-Jan-13","M14","6.92"
234,"12-Nov-12","01-Jan-13","M41","1.92"
234,"12-Nov-12","01-Jan-13","M5","14.9"
,,,,
235,"12-Nov-12","01-Feb-13","M13","0.91"
235,"12-Nov-12","01-Feb-13","M45","24.01"
235,"12-Nov-12","01-Feb-13","M38","0.63"
235,"12-Nov-12","01-Feb-13","M17","5.77"
,,,,
236,"12-Nov-12","17-Dec-12","M21","4.49"
236,"12-Nov-12","17-Dec-12","M29","9.8"
,,,,
237,"12-Nov-12","02-Jan-13","M14","86.27"
237,"12-Nov-12","02-Jan-13","M45","53.03"
237,"12-Nov-12","02-Jan-13","M35","2.68"
237,"12-Nov-12","02-Jan-13","M17","9.59"
237,"12-Nov-12","02-Jan-13","M47","59.73"
,,,,
238,"12-Nov-12","12-Feb-13","M15","8.71"
238,"12-Nov-12","12-Feb-13","M41","10.24"
238,"12-Nov-12","12-Feb-13","M38","11.98"
238,"12-Nov-12","12-Feb-13","M20","30.15"
,,,,
239,"13-Nov-12","03-Dec-12","M9","53.7"
239,"13-Nov-12","03-Dec-12","M35","6.31"
239,"13-Nov-12","03-Dec-12","M9","12.13"
,,,,
240,"13-Nov-12","10-Dec-12","M15","5.89"
240,"13-Nov-12","10-Dec-12","M20","6.2"
,,,,
241,"13-Nov-12","29-Nov-12","M15","54.04"
241,"13-Nov-12","29-Nov-12","M21","176.76"
,,,,
242,"13-Nov-12","02-Jan-13","M10","238.63"
242,"13-Nov-12","02-Jan-13","M24","99.41"
242,"13-Nov-12","02-Jan-13","M36","24.74"
,,,,
243,"13-Nov-12","23-Jan-13","M15","23.54"
243,"13-Nov-12","23-Jan-13","M35","4.64"
243,"13-Nov-12","23-Jan-13","M41","3.73"
243,"13-Nov-12","23-Jan-13","M38","5.8"
243,"13-Nov-12","23-Jan-13","M15","15.49"
243,"13-Nov-12","23-Jan-13","M6","1.71"
243,"13-Nov-12","23-Jan-13","M41","6.98"
,,,,
244,"13-Nov-12","28-Nov-12","M12","3.44"
244,"13-Nov-12","28-Nov-12","M34","5.24"
244,"13-Nov-12","28-Nov-12","M22","11.26"
,,,,
245,"13-Nov-12","30-Nov-12","M21","32.71"
245,"13-Nov-12","30-Nov-12","M22","9.94"
245,"13-Nov-12","30-Nov-12","M29","3.79"
,,,,
246,"12-Nov-12","14-Nov-12","M4","0.45"
246,"12-Nov-12","14-Nov-12","M20","1.53"
246,"12-Nov-12","14-Nov-12","M4","0.75"
,,,,
247,"14-Nov-12","07-Dec-12","M10","41.44"
247,"14-Nov-12","07-Dec-12","M24","0.19"
247,"14-Nov-12","07-Dec-12","M10","0.95"
,,,,
248,"14-Nov-12","14-Jan-13","M15","15.6"
248,"14-Nov-12","14-Jan-13","M32","1.69"
248,"14-Nov-12","14-Jan-13","M41","24.21"
248,"14-Nov-12","14-Jan-13","M38","0.07"
248,"14-Nov-12","14-Jan-13","M38","3.84"
248,"14-Nov-12","14-Jan-13","M18","12.39"
248,"14-Nov-12","14-Jan-13","M3","6.35"
,,,,
249,"14-Nov-12","14-Jan-13","M15","11.54"
249,"14-Nov-12","14-Jan-13","M32","21.22"
249,"14-Nov-12","14-Jan-13","M41","12.38"
249,"14-Nov-12","14-Jan-13","M38","7.5"
249,"14-Nov-12","14-Jan-13","M38","4.16"
249,"14-Nov-12","14-Jan-13","M18","2.69"
249,"14-Nov-12","14-Jan-13","M3","4.8"
,,,,
250,"14-Nov-12","21-Jan-13","M9","6.73"
250,"14-Nov-12","21-Jan-13","M35","8.63"
250,"14-Nov-12","21-Jan-13","M45","15.01"
250,"14-Nov-12","21-Jan-13","M40","0.83"
,,,,
251,"14-Nov-12","10-Jan-13","M9","10.31"
251,"14-Nov-12","10-Jan-13","M35","12.3"
251,"14-Nov-12","10-Jan-13","M9","6.8"
,,,,
252,"14-Nov-12","31-Dec-12","M11","1.63"
252,"14-Nov-12","31-Dec-12","M27","0.8"
252,"14-Nov-12","31-Dec-12","M36","25.64"
252,"14-Nov-12","31-Dec-12","M41","14.71"
252,"14-Nov-12","31-Dec-12","M30","10.72"
252,"14-Nov-12","31-Dec-12","M5","13.08"
,,,,
253,"14-Nov-12","11-Jan-13","M8","4.36"
253,"14-Nov-12","11-Jan-13","M46","17.45"
253,"14-Nov-12","11-Jan-13","M22","13.58"
253,"14-Nov-12","11-Jan-13","M5","21.77"
,,,,
254,"14-Nov-12","10-Dec-12","M8","0.46"
254,"14-Nov-12","10-Dec-12","M22","19.67"
,,,,
255,"14-Nov-12","12-Dec-12","M12","11.08"
255,"14-Nov-12","12-Dec-12","M35","2.58"
255,"14-Nov-12","12-Dec-12","M34","11.96"
,,,,
256,"14-Nov-12","10-Jan-13","M15",20
256,"14-Nov-12","10-Jan-13","M24","90.45"
256,"14-Nov-12","10-Jan-13","M22","8.3"
256,"14-Nov-12","10-Jan-13","M6","21.02"
256,"14-Nov-12","10-Jan-13","M46","16.47"
256,"14-Nov-12","10-Jan-13","M3","4.25"
,,,,
257,"14-Nov-12","10-Jan-13","M15","16.67"
257,"14-Nov-12","10-Jan-13","M5","16.79"
257,"14-Nov-12","10-Jan-13","M36","49.93"
257,"14-Nov-12","10-Jan-13","M41","5.72"
257,"14-Nov-12","10-Jan-13","M22","3.03"
257,"14-Nov-12","10-Jan-13","M5","5.08"
,,,,
258,"14-Nov-12","01-Feb-13","M14","4.97"
258,"14-Nov-12","01-Feb-13","M45","0.39"
,,,,
259,"14-Nov-12","09-Jan-13","M8","11.89"
259,"14-Nov-12","09-Jan-13","M35","2.54"
259,"14-Nov-12","09-Jan-13","M19","0.72"
259,"14-Nov-12","09-Jan-13","M34","5.66"
259,"14-Nov-12","09-Jan-13","M38","0.47"
,,,,
260,"14-Nov-12","10-Jan-13","M10",53
260,"14-Nov-12","10-Jan-13","M41","8.5"
260,"14-Nov-12","10-Jan-13","M22","17.17"
260,"14-Nov-12","10-Jan-13","M21","0.21"
260,"14-Nov-12","10-Jan-13","M32","11.86"
,,,,
261,"14-Nov-12","11-Jan-13","M9","46.52"
261,"14-Nov-12","11-Jan-13","M41","3.56"
261,"14-Nov-12","11-Jan-13","M38","2.87"
261,"14-Nov-12","11-Jan-13","M40","9.32"
261,"14-Nov-12","11-Jan-13","M18","12.78"
,,,,
262,"14-Nov-12","27-Dec-12","M8","7.56"
262,"14-Nov-12","27-Dec-12","M19","6.48"
,,,,
263,"14-Nov-12","08-Feb-13","M12","11.35"
263,"14-Nov-12","08-Feb-13","M22","5.24"
263,"14-Nov-12","08-Feb-13","M45","15.72"
,,,,
264,"14-Nov-12","24-Dec-12","M13","16.21"
264,"14-Nov-12","24-Dec-12","M45","10.94"
264,"14-Nov-12","24-Dec-12","M35","1.21"
264,"14-Nov-12","24-Dec-12","M3","0.21"
264,"14-Nov-12","24-Dec-12","M17","22.04"
264,"14-Nov-12","24-Dec-12","M47","16.52"
,,,,
265,"14-Nov-12","05-Feb-13","M23","74.88"
265,"14-Nov-12","05-Feb-13","M46","37.39"
265,"14-Nov-12","05-Feb-13","M15","43.75"
,,,,
266,"14-Nov-12","21-Jan-13","M32","0.85"
266,"14-Nov-12","21-Jan-13","M41","15.68"
266,"14-Nov-12","21-Jan-13","M40","1.39"
266,"14-Nov-12","21-Jan-13","M18","4.44"
,,,,
267,"14-Nov-12","22-Jan-13","M15","12.62"
267,"14-Nov-12","22-Jan-13","M5","8.9"
267,"14-Nov-12","22-Jan-13","M24","5.31"
267,"14-Nov-12","22-Jan-13","M22","21.18"
267,"14-Nov-12","22-Jan-13","M41","25.54"
267,"14-Nov-12","22-Jan-13","M38","6.82"
267,"14-Nov-12","22-Jan-13","M30","6.67"
267,"14-Nov-12","22-Jan-13","M12","30.54"
267,"14-Nov-12","22-Jan-13","M6","16.18"
,,,,
268,"14-Nov-12","12-Feb-13","M35","3.02"
268,"14-Nov-12","12-Feb-13","M46","8.35"
268,"14-Nov-12","12-Feb-13","M38","1.75"
268,"14-Nov-12","12-Feb-13","M18","0.69"
268,"14-Nov-12","12-Feb-13","M47","13.56"
,,,,
269,"14-Nov-12","25-Jan-13","M8","21.62"
269,"14-Nov-12","25-Jan-13","M8","0.95"
269,"14-Nov-12","25-Jan-13","M6","3.89"
,,,,
270,"15-Nov-12","16-Apr-13","M9","4.17"
270,"15-Nov-12","16-Apr-13","M45","13.76"
270,"15-Nov-12","16-Apr-13","M40","1.79"
270,"15-Nov-12","16-Apr-13","M17","10.11"
,,,,
271,"15-Nov-12","28-Nov-12","M11","46.54"
271,"15-Nov-12","28-Nov-12","M35","3.56"
,,,,
272,"20-Nov-12","17-Jan-13","M13","11.13"
272,"20-Nov-12","17-Jan-13","M35","1.95"
272,"20-Nov-12","17-Jan-13","M45","3.79"
272,"20-Nov-12","17-Jan-13","M38","4.32"
272,"20-Nov-12","17-Jan-13","M38","2.79"
,,,,
273,"20-Nov-12","26-Dec-12","M11","12.17"
273,"20-Nov-12","26-Dec-12","M39","6.95"
273,"20-Nov-12","26-Dec-12","M41","8.86"
273,"20-Nov-12","26-Dec-12","M38","2.34"
273,"20-Nov-12","26-Dec-12","M15","8.86"
273,"20-Nov-12","26-Dec-12","M30","3.11"
273,"20-Nov-12","26-Dec-12","M15","7.22"
273,"20-Nov-12","26-Dec-12","M41","3.02"
,,,,
274,"20-Nov-12","04-Feb-13","M14","40.78"
274,"20-Nov-12","04-Feb-13","M22","29.52"
274,"20-Nov-12","04-Feb-13","M45","15.23"
274,"20-Nov-12","04-Feb-13","M5","10.04"
,,,,
275,"20-Nov-12","14-Jan-13","M8","1.66"
275,"20-Nov-12","14-Jan-13","M23","2.5"
275,"20-Nov-12","14-Jan-13","M46","14.87"
275,"20-Nov-12","14-Jan-13","M30","7.13"
275,"20-Nov-12","14-Jan-13","M5","5.97"
,,,,
276,"20-Nov-12","07-Dec-12","M30","11.17"
276,"20-Nov-12","07-Dec-12","M41","32.46"
,,,,
277,"20-Nov-12","07-Feb-13","M8","9.66"
277,"20-Nov-12","07-Feb-13","M36","0.06"
277,"20-Nov-12","07-Feb-13","M41","1.96"
277,"20-Nov-12","07-Feb-13","M38","2.21"
277,"20-Nov-12","07-Feb-13","M17","2.99"
277,"20-Nov-12","07-Feb-13","M7","3.4"
277,"20-Nov-12","07-Feb-13","M3","1.41"
277,"20-Nov-12","07-Feb-13","M47","9.17"
,,,,
278,"22-Nov-12","04-Dec-12","M9","31.85"
278,"22-Nov-12","04-Dec-12","M35","4.5"
278,"22-Nov-12","04-Dec-12","M12","4.96"
278,"22-Nov-12","04-Dec-12","M36","21.91"
,,,,
279,"22-Nov-12","02-Jan-13","M14","12.75"
279,"22-Nov-12","02-Jan-13","M35","12.28"
,,,,
280,"22-Nov-12","14-Jan-13","M14","14.05"
280,"22-Nov-12","14-Jan-13","M41","5.87"
280,"22-Nov-12","14-Jan-13","M5","7.16"
280,"22-Nov-12","14-Jan-13","M27","7.42"
,,,,
281,"22-Nov-12","08-Mar-13","M9","20.72"
281,"22-Nov-12","08-Mar-13","M41","14.67"
281,"22-Nov-12","08-Mar-13","M38","2.36"
281,"22-Nov-12","08-Mar-13","M38","2.09"
281,"22-Nov-12","08-Mar-13","M8","9.19"
281,"22-Nov-12","08-Mar-13","M3","4.15"
,,,,
282,"22-Nov-12","06-Feb-13","M15","2.96"
282,"22-Nov-12","06-Feb-13","M22","5.15"
282,"22-Nov-12","06-Feb-13","M30","2.64"
282,"22-Nov-12","06-Feb-13","M41","17.9"
282,"22-Nov-12","06-Feb-13","M27","0.1"
282,"22-Nov-12","06-Feb-13","M37","7.05"
282,"22-Nov-12","06-Feb-13","M5","10.21"
,,,,
283,"22-Nov-12","01-Jan-13","M13","2.14"
283,"22-Nov-12","01-Jan-13","M8","5.79"
283,"22-Nov-12","01-Jan-13","M27","7.07"
,,,,
284,"22-Nov-12","07-Jan-13","M30","0.77"
284,"22-Nov-12","07-Jan-13","M4","1.53"
,,,,
285,"22-Nov-12","16-Apr-13","M8","22.06"
285,"22-Nov-12","16-Apr-13","M41","18.02"
285,"22-Nov-12","16-Apr-13","M36","28.05"
285,"22-Nov-12","16-Apr-13","M34","1.61"
285,"22-Nov-12","16-Apr-13","M27","3.06"
285,"22-Nov-12","16-Apr-13","M38","0.41"
285,"22-Nov-12","16-Apr-13","M17","5.23"
285,"22-Nov-12","16-Apr-13","M30","1.95"
285,"22-Nov-12","16-Apr-13","M17","5.07"
285,"22-Nov-12","16-Apr-13","M27","3.34"
285,"22-Nov-12","16-Apr-13","M38","0.97"
285,"22-Nov-12","16-Apr-13","M3","6.76"
,,,,
286,"22-Nov-12","26-Dec-12","M15","5.92"
286,"22-Nov-12","26-Dec-12","M35","8.99"
286,"22-Nov-12","26-Dec-12","M41","12.07"
286,"22-Nov-12","26-Dec-12","M38","3.86"
286,"22-Nov-12","26-Dec-12","M15","12.2"
286,"22-Nov-12","26-Dec-12","M6","10.67"
286,"22-Nov-12","26-Dec-12","M41","10.97"
,,,,
287,"22-Nov-12","16-Jan-13","M15","3.89"
287,"22-Nov-12","16-Jan-13","M35","1.74"
287,"22-Nov-12","16-Jan-13","M41","11.51"
287,"22-Nov-12","16-Jan-13","M38","1.92"
287,"22-Nov-12","16-Jan-13","M15","5.33"
287,"22-Nov-12","16-Jan-13","M6","0.61"
287,"22-Nov-12","16-Jan-13","M41","10.42"
,,,,
288,"22-Nov-12","24-Dec-12","M8","35.63"
288,"22-Nov-12","24-Dec-12","M20","4.33"
,,,,
289,"22-Nov-12","25-Dec-12","M9","112.52"
289,"22-Nov-12","25-Dec-12","M21","94.39"
,,,,
290,"22-Nov-12","22-Jan-13","M15","5.61"
290,"22-Nov-12","22-Jan-13","M41","0.56"
290,"22-Nov-12","22-Jan-13","M38","4.7"
290,"22-Nov-12","22-Jan-13","M6","4.54"
,,,,
291,"22-Nov-12","09-Jan-13","M24","10.11"
291,"22-Nov-12","09-Jan-13","M27","5.68"
,,,,
292,"22-Nov-12","23-Jan-13","M8","13.33"
292,"22-Nov-12","23-Jan-13","M5","0.74"
292,"22-Nov-12","23-Jan-13","M19","2.95"
,,,,
293,"22-Nov-12","01-Jan-13","M13","50.98"
293,"22-Nov-12","01-Jan-13","M45","24.21"
293,"22-Nov-12","01-Jan-13","M35","30.14"
293,"22-Nov-12","01-Jan-13","M3","1.04"
293,"22-Nov-12","01-Jan-13","M17","10.05"
293,"22-Nov-12","01-Jan-13","M47","4.38"
,,,,
294,"22-Nov-12","02-Jan-13","M14","44.43"
294,"22-Nov-12","02-Jan-13","M45","13.97"
294,"22-Nov-12","02-Jan-13","M35","18.2"
294,"22-Nov-12","02-Jan-13","M17","7.76"
294,"22-Nov-12","02-Jan-13","M47","15.89"
,,,,
295,"22-Nov-12","10-Jan-13","M2","21.6"
295,"22-Nov-12","10-Jan-13","M35","27.26"
295,"22-Nov-12","10-Jan-13","M18","10.59"
295,"22-Nov-12","10-Jan-13","M47","35.19"
,,,,
296,"22-Nov-12","02-Apr-13","M13","1.08"
296,"22-Nov-12","02-Apr-13","M41","3.4"
296,"22-Nov-12","02-Apr-13","M35","1.1"
296,"22-Nov-12","02-Apr-13","M3","1.37"
296,"22-Nov-12","02-Apr-13","M17","1.06"
296,"22-Nov-12","02-Apr-13","M47","7.65"
,,,,
297,"22-Nov-12","16-Jan-13","M8","9.85"
297,"22-Nov-12","16-Jan-13","M27","1.33"
297,"22-Nov-12","16-Jan-13","M34",1
297,"22-Nov-12","16-Jan-13","M5","2.89"
,,,,
298,"22-Nov-12","14-Jan-13","M9","17.1"
298,"22-Nov-12","14-Jan-13","M41","10.49"
298,"22-Nov-12","14-Jan-13","M18","5.05"
,,,,
299,"22-Nov-12","15-Feb-13","M14","70.29"
299,"22-Nov-12","15-Feb-13","M45","4.61"
299,"22-Nov-12","15-Feb-13","M35","6.05"
299,"22-Nov-12","15-Feb-13","M17","48.51"
299,"22-Nov-12","15-Feb-13","M47","24.36"
,,,,
300,"22-Nov-12","07-Feb-13","M9","23.89"
300,"22-Nov-12","07-Feb-13","M35","6.61"
300,"22-Nov-12","07-Feb-13","M23","18.76"
300,"22-Nov-12","07-Feb-13","M45","14.44"
300,"22-Nov-12","07-Feb-13","M17","3.89"
,,,,
301,"22-Nov-12","05-Mar-13","M46","7.42"
301,"22-Nov-12","05-Mar-13","M35","5.56"
301,"22-Nov-12","05-Mar-13","M38","2.86"
301,"22-Nov-12","05-Mar-13","M5","20.5"
301,"22-Nov-12","05-Mar-13","M18","1.91"
301,"22-Nov-12","05-Mar-13","M47","1.22"
,,,,
302,"22-Nov-12","12-Mar-13","M46","5.65"
302,"22-Nov-12","12-Mar-13","M35","10.13"
302,"22-Nov-12","12-Mar-13","M38","4.57"
302,"22-Nov-12","12-Mar-13","M3","0.96"
302,"22-Nov-12","12-Mar-13","M5","74.59"
302,"22-Nov-12","12-Mar-13","M18","8.65"
302,"22-Nov-12","12-Mar-13","M47","21.39"
,,,,
303,"22-Nov-12","10-May-13","M35","79.11"
303,"22-Nov-12","10-May-13","M23","23.35"
303,"22-Nov-12","10-May-13","M34","34.74"
,,,,
304,"22-Nov-12","17-Jun-13","M35","26.99"
304,"22-Nov-12","17-Jun-13","M23","22.58"
304,"22-Nov-12","17-Jun-13","M34","66.98"
,,,,
305,"22-Nov-12","15-Jul-13","M35",40
305,"22-Nov-12","15-Jul-13","M23","18.46"
305,"22-Nov-12","15-Jul-13","M34","144.9"
,,,,
306,"22-Nov-12","20-May-13","M35","19.24"
306,"22-Nov-12","20-May-13","M23","22.57"
306,"22-Nov-12","20-May-13","M34","35.51"
,,,,
307,"26-Nov-12","04-Dec-12","M15","81.95"
307,"26-Nov-12","04-Dec-12","M46","19.03"
,,,,
308,"26-Nov-12","31-Dec-12","M12","58.13"
308,"26-Nov-12","31-Dec-12","M46","19.68"
308,"26-Nov-12","31-Dec-12","M15","21.85"
,,,,
309,"26-Nov-12","24-Dec-12","M12","26.73"
309,"26-Nov-12","24-Dec-12","M24","32.73"
,,,,
310,"26-Nov-12","08-Jan-13","M24","18.85"
310,"26-Nov-12","08-Jan-13","M10","24.27"
,,,,
311,"26-Nov-12","06-Dec-12","M15","28.15"
311,"26-Nov-12","06-Dec-12","M27","3.44"
,,,,
312,"26-Nov-12","18-Dec-12","M15","70.11"
312,"26-Nov-12","18-Dec-12","M46","12.73"
,,,,
313,"26-Nov-12","28-Dec-12","M9","26.25"
313,"26-Nov-12","28-Dec-12","M35","6.99"
313,"26-Nov-12","28-Dec-12","M41","9.62"
313,"26-Nov-12","28-Dec-12","M38","4.79"
313,"26-Nov-12","28-Dec-12","M9","19.3"
313,"26-Nov-12","28-Dec-12","M48","6.42"
,,,,
314,"27-Nov-12","29-May-13","M2","7.67"
314,"27-Nov-12","29-May-13","M36","89.86"
314,"27-Nov-12","29-May-13","M38","39.5"
314,"27-Nov-12","29-May-13","M18","11.69"
,,,,
315,"27-Nov-12","11-Mar-13","M9","18.34"
315,"27-Nov-12","11-Mar-13","M45","23.44"
315,"27-Nov-12","11-Mar-13","M40","6.5"
315,"27-Nov-12","11-Mar-13","M17","10.69"
,,,,
316,"27-Nov-12","08-Jan-13","M8","13.92"
316,"27-Nov-12","08-Jan-13","M35","2.68"
,,,,
317,"27-Nov-12","09-Jan-13","M8","10.78"
317,"27-Nov-12","09-Jan-13","M27","5.26"
,,,,
318,"27-Nov-12","05-Feb-13","M8","0.14"
318,"27-Nov-12","05-Feb-13","M5","7.93"
318,"27-Nov-12","05-Feb-13","M34","27.12"
,,,,
319,"27-Nov-12","20-Feb-13","M10","14.39"
319,"27-Nov-12","20-Feb-13","M27","0.76"
319,"27-Nov-12","20-Feb-13","M41","1.82"
319,"27-Nov-12","20-Feb-13","M38","2.58"
319,"27-Nov-12","20-Feb-13","M15","6.61"
,,,,
320,"27-Nov-12","04-Feb-13","M11",5
320,"27-Nov-12","04-Feb-13","M32","12.48"
320,"27-Nov-12","04-Feb-13","M41","34.37"
320,"27-Nov-12","04-Feb-13","M38","59.53"
320,"27-Nov-12","04-Feb-13","M17","1.91"
320,"27-Nov-12","04-Feb-13","M38","6.59"
,,,,
321,"27-Nov-12","01-Feb-13","M46","24.73"
321,"27-Nov-12","01-Feb-13","M15","37.41"
,,,,
322,"27-Nov-12","31-Dec-12","M10","44.48"
322,"27-Nov-12","31-Dec-12","M21","24.87"
,,,,
323,"27-Nov-12","11-Feb-13","M46","4.95"
323,"27-Nov-12","11-Feb-13","M38","3.16"
323,"27-Nov-12","11-Feb-13","M18","24.12"
323,"27-Nov-12","11-Feb-13","M48","4.99"
,,,,
324,"27-Nov-12","11-Mar-13","M46","16.14"
324,"27-Nov-12","11-Mar-13","M35","13.3"
324,"27-Nov-12","11-Mar-13","M38","7.52"
324,"27-Nov-12","11-Mar-13","M3","0.03"
324,"27-Nov-12","11-Mar-13","M5","70.01"
324,"27-Nov-12","11-Mar-13","M18","4.4"
324,"27-Nov-12","11-Mar-13","M48","13.7"
,,,,
325,"29-Nov-12","17-May-13","M35","29.88"
325,"29-Nov-12","17-May-13","M23","9.51"
325,"29-Nov-12","17-May-13","M34","243.22"
,,,,
326,"29-Nov-12","21-Dec-12","M11","46.17"
326,"29-Nov-12","21-Dec-12","M35","22.94"
,,,,
327,"29-Nov-12","21-Dec-12","M11","29.26"
327,"29-Nov-12","21-Dec-12","M35","22.76"
,,,,
328,"29-Nov-12","09-Jan-13","M12","2.92"
328,"29-Nov-12","09-Jan-13","M21","7.83"
,,,,
329,"29-Nov-12","15-Feb-13","M15","15.76"
329,"29-Nov-12","15-Feb-13","M34","6.38"
329,"29-Nov-12","15-Feb-13","M38","4.55"
,,,,
330,"29-Nov-12","04-Feb-13","M35","42.41"
330,"29-Nov-12","04-Feb-13","M9","31.85"
330,"29-Nov-12","04-Feb-13","M48","82.07"
330,"29-Nov-12","04-Feb-13","M9","78.5"
330,"29-Nov-12","04-Feb-13","M44","43.62"
,,,,
331,"03-Dec-12","24-Dec-12","M15","5.14"
331,"03-Dec-12","24-Dec-12","M41","5.68"
331,"03-Dec-12","24-Dec-12","M30","1.4"
331,"03-Dec-12","24-Dec-12","M38","1.59"
331,"03-Dec-12","24-Dec-12","M8","6.48"
,,,,
332,"04-Dec-12","25-Jan-13","M15","14.87"
332,"04-Dec-12","25-Jan-13","M36","7.61"
332,"04-Dec-12","25-Jan-13","M41","1.28"
332,"04-Dec-12","25-Jan-13","M38","10.42"
332,"04-Dec-12","25-Jan-13","M3","0.77"
332,"04-Dec-12","25-Jan-13","M8","1.77"
332,"04-Dec-12","25-Jan-13","M6","13.48"
332,"04-Dec-12","25-Jan-13","M50",1
332,"04-Dec-12","25-Jan-13","M15","8.53"
,,,,
333,"05-Dec-12","21-Feb-13","M8","6.13"
333,"05-Dec-12","21-Feb-13","M35","12.15"
,,,,
334,"05-Dec-12","01-Jan-13","M45","0.22"
334,"05-Dec-12","01-Jan-13","M38","10.78"
334,"05-Dec-12","01-Jan-13","M17","6.41"
334,"05-Dec-12","01-Jan-13","M49","29.52"
,,,,
335,"05-Dec-12","08-Jan-13","M9","52.44"
335,"05-Dec-12","08-Jan-13","M35","5.28"
335,"05-Dec-12","08-Jan-13","M12","1.7"
335,"05-Dec-12","08-Jan-13","M36","34.6"
,,,,
336,"05-Dec-12","01-Mar-13","M9","13.83"
336,"05-Dec-12","01-Mar-13","M34","12.74"
336,"05-Dec-12","01-Mar-13","M40","0.75"
,,,,
337,"05-Dec-12","20-Feb-13","M13","10.33"
337,"05-Dec-12","20-Feb-13","M45","16.98"
337,"05-Dec-12","20-Feb-13","M38","4.93"
337,"05-Dec-12","20-Feb-13","M27","21.94"
337,"05-Dec-12","20-Feb-13","M37","1.95"
,,,,
338,"05-Dec-12","25-Jan-13","M9","10.37"
338,"05-Dec-12","25-Jan-13","M32","0.89"
338,"05-Dec-12","25-Jan-13","M41","12.88"
338,"05-Dec-12","25-Jan-13","M38","2.47"
338,"05-Dec-12","25-Jan-13","M38","0.96"
338,"05-Dec-12","25-Jan-13","M17","9.65"
338,"05-Dec-12","25-Jan-13","M3","2.5"
,,,,
339,"05-Dec-12","15-Jan-13","M8","0.18"
339,"05-Dec-12","15-Jan-13","M32","0.6"
339,"05-Dec-12","15-Jan-13","M41","2.81"
339,"05-Dec-12","15-Jan-13","M38","0.85"
339,"05-Dec-12","15-Jan-13","M3","0.1"
339,"05-Dec-12","15-Jan-13","M20","6.6"
339,"05-Dec-12","15-Jan-13","M48","3.79"
,,,,
340,"05-Dec-12","12-Feb-13","M46","10.43"
340,"05-Dec-12","12-Feb-13","M15","34.99"
,,,,
341,"05-Dec-12","01-Mar-13","M15","235.06"
341,"05-Dec-12","01-Mar-13","M23","2.69"
341,"05-Dec-12","01-Mar-13","M46","8.78"
341,"05-Dec-12","01-Mar-13","M15","32.77"
,,,,
342,"05-Dec-12","21-Jan-13","M15","18.59"
342,"05-Dec-12","21-Jan-13","M23","34.67"
342,"05-Dec-12","21-Jan-13","M46","21.73"
342,"05-Dec-12","21-Jan-13","M15","0.36"
,,,,
343,"05-Dec-12","26-Feb-13","M46","6.71"
343,"05-Dec-12","26-Feb-13","M15","20.81"
,,,,
344,"06-Dec-12","01-Mar-13","M15","10.03"
344,"06-Dec-12","01-Mar-13","M22","28.97"
344,"06-Dec-12","01-Mar-13","M5","13.03"
,,,,
345,"06-Dec-12","25-Feb-13","M13","0.91"
345,"06-Dec-12","25-Feb-13","M45","7.66"
345,"06-Dec-12","25-Feb-13","M38","0.16"
345,"06-Dec-12","25-Feb-13","M17","0.69"
,,,,
346,"06-Dec-12","06-Mar-13","M9","14.2"
346,"06-Dec-12","06-Mar-13","M45","19.12"
346,"06-Dec-12","06-Mar-13","M38","5.73"
346,"06-Dec-12","06-Mar-13","M40","1.82"
346,"06-Dec-12","06-Mar-13","M17","6.21"
,,,,
347,"06-Dec-12","01-Mar-13","M8","8.49"
347,"06-Dec-12","01-Mar-13","M5","6.94"
347,"06-Dec-12","01-Mar-13","M36","8.77"
347,"06-Dec-12","01-Mar-13","M41","28.72"
347,"06-Dec-12","01-Mar-13","M38","3.27"
347,"06-Dec-12","01-Mar-13","M30","3.66"
347,"06-Dec-12","01-Mar-13","M5","24.72"
,,,,
348,"06-Dec-12","08-Feb-13","M8","19.68"
348,"06-Dec-12","08-Feb-13","M5","6.3"
348,"06-Dec-12","08-Feb-13","M34","8.47"
348,"06-Dec-12","08-Feb-13","M30","2.59"
348,"06-Dec-12","08-Feb-13","M5","10.71"
,,,,
349,"06-Dec-12","27-May-13","M11","21.64"
349,"06-Dec-12","27-May-13","M27","3.99"
349,"06-Dec-12","27-May-13","M36","16.74"
349,"06-Dec-12","27-May-13","M41","5.18"
349,"06-Dec-12","27-May-13","M30","2.51"
349,"06-Dec-12","27-May-13","M5","17.11"
,,,,
350,"06-Dec-12","18-Jan-13","M9","17.83"
350,"06-Dec-12","18-Jan-13","M35","4.37"
350,"06-Dec-12","18-Jan-13","M23","4.09"
350,"06-Dec-12","18-Jan-13","M45","14.51"
350,"06-Dec-12","18-Jan-13","M17","9.22"
,,,,
351,"06-Dec-12","14-Jan-13","M8","9.86"
351,"06-Dec-12","14-Jan-13","M34","17.63"
351,"06-Dec-12","14-Jan-13","M32","11.56"
351,"06-Dec-12","14-Jan-13","M40","1.51"
351,"06-Dec-12","14-Jan-13","M18","0.46"
,,,,
352,"06-Dec-12","18-Jan-13","M13","20.63"
352,"06-Dec-12","18-Jan-13","M45","14.58"
352,"06-Dec-12","18-Jan-13","M17","3.15"
,,,,
353,"06-Dec-12","07-Jan-13","M12","60.6"
353,"06-Dec-12","07-Jan-13","M24","2.85"
,,,,
354,"06-Dec-12","12-Feb-13","M15","6.32"
354,"06-Dec-12","12-Feb-13","M5","3.06"
354,"06-Dec-12","12-Feb-13","M24","12.55"
354,"06-Dec-12","12-Feb-13","M22","1.71"
354,"06-Dec-12","12-Feb-13","M41","3.71"
354,"06-Dec-12","12-Feb-13","M38","16.77"
354,"06-Dec-12","12-Feb-13","M30","5.69"
354,"06-Dec-12","12-Feb-13","M12","22.73"
354,"06-Dec-12","12-Feb-13","M6","9.43"
,,,,
355,"07-Dec-12","10-Dec-12","M4","4.61"
355,"07-Dec-12","10-Dec-12","M20","8.06"
355,"07-Dec-12","10-Dec-12","M4","5.3"
,,,,
356,"07-Dec-12","13-Feb-13","M8","21.41"
356,"07-Dec-12","13-Feb-13","M6","35.09"
356,"07-Dec-12","13-Feb-13","M36","3.62"
,,,,
357,"07-Dec-12","21-Jan-13","M8","22.14"
357,"07-Dec-12","21-Jan-13","M25","14.38"
357,"07-Dec-12","21-Jan-13","M36","30.38"
357,"07-Dec-12","21-Jan-13","M41","11.81"
357,"07-Dec-12","21-Jan-13","M38","4.19"
357,"07-Dec-12","21-Jan-13","M3","0.66"
357,"07-Dec-12","21-Jan-13","M8","2.57"
,,,,
358,"07-Dec-12","21-Jan-13","M9","1.35"
358,"07-Dec-12","21-Jan-13","M41","18.51"
358,"07-Dec-12","21-Jan-13","M38","3.73"
358,"07-Dec-12","21-Jan-13","M3","2.43"
358,"07-Dec-12","21-Jan-13","M8","0.99"
358,"07-Dec-12","21-Jan-13","M50","4.33"
,,,,
359,"10-Dec-12","25-Feb-13","M13","68.82"
359,"10-Dec-12","25-Feb-13","M45","89.65"
359,"10-Dec-12","25-Feb-13","M17","34.42"
,,,,
360,"10-Dec-12","04-Mar-13","M8","6.45"
360,"10-Dec-12","04-Mar-13","M5","11.51"
360,"10-Dec-12","04-Mar-13","M46","12.8"
360,"10-Dec-12","04-Mar-13","M22","19.88"
360,"10-Dec-12","04-Mar-13","M6","9.76"
,,,,
361,"10-Dec-12","09-Jan-13","M8","11.34"
361,"10-Dec-12","09-Jan-13","M22","21.31"
,,,,
362,"10-Dec-12","17-Jan-13","M14","26.2"
362,"10-Dec-12","17-Jan-13","M45","49.31"
362,"10-Dec-12","17-Jan-13","M38","6.49"
,,,,
363,"10-Dec-12","22-Jan-13","M11","2.72"
363,"10-Dec-12","22-Jan-13","M22","32.25"
363,"10-Dec-12","22-Jan-13","M6","48.59"
,,,,
364,"10-Dec-12","24-Jan-13","M14","0.63"
364,"10-Dec-12","24-Jan-13","M45","43.3"
364,"10-Dec-12","24-Jan-13","M38","6.28"
,,,,
365,"10-Dec-12","19-Feb-13","M8","7.38"
365,"10-Dec-12","19-Feb-13","M22","9.02"
365,"10-Dec-12","19-Feb-13","M30","0.85"
365,"10-Dec-12","19-Feb-13","M5","13.73"
,,,,
366,"11-Dec-12","25-Feb-13","M14","1.28"
366,"11-Dec-12","25-Feb-13","M35","2.04"
366,"11-Dec-12","25-Feb-13","M40","4.81"
,,,,
367,"11-Dec-12","06-Nov-13","M9","17.96"
367,"11-Dec-12","06-Nov-13","M41","1.79"
367,"11-Dec-12","06-Nov-13","M38","0.85"
367,"11-Dec-12","06-Nov-13","M38","0.69"
367,"11-Dec-12","06-Nov-13","M8","0.92"
367,"11-Dec-12","06-Nov-13","M3","7.27"
,,,,
368,"11-Dec-12","28-Feb-13","M12","33.19"
368,"11-Dec-12","28-Feb-13","M41","3.57"
368,"11-Dec-12","28-Feb-13","M30","0.9"
,,,,
369,"11-Dec-12","15-Feb-13","M14","33.16"
369,"11-Dec-12","15-Feb-13","M35","8.24"
,,,,
370,"11-Dec-12","06-Mar-13","M9","1.62"
370,"11-Dec-12","06-Mar-13","M45","4.98"
370,"11-Dec-12","06-Mar-13","M40","1.37"
370,"11-Dec-12","06-Mar-13","M17","5.26"
,,,,
371,"11-Dec-12","07-Feb-13","M9","18.02"
371,"11-Dec-12","07-Feb-13","M35","3.36"
371,"11-Dec-12","07-Feb-13","M40","4.52"
371,"11-Dec-12","07-Feb-13","M25","30.82"
,,,,
372,"11-Dec-12","07-Aug-13","M10","8.03"
372,"11-Dec-12","07-Aug-13","M41","37.4"
372,"11-Dec-12","07-Aug-13","M38","9.09"
372,"11-Dec-12","07-Aug-13","M18","9.17"
,,,,
373,"11-Dec-12","04-Feb-13","M12","31.23"
373,"11-Dec-12","04-Feb-13","M41","19.13"
373,"11-Dec-12","04-Feb-13","M38","39.29"
373,"11-Dec-12","04-Feb-13","M17","2.66"
373,"11-Dec-12","04-Feb-13","M38","3.74"
,,,,
374,"11-Dec-12","16-Apr-13","M9","4.18"
374,"11-Dec-12","16-Apr-13","M32","2.58"
374,"11-Dec-12","16-Apr-13","M41","17.48"
374,"11-Dec-12","16-Apr-13","M38","2.87"
374,"11-Dec-12","16-Apr-13","M38","3.85"
374,"11-Dec-12","16-Apr-13","M17","6.68"
374,"11-Dec-12","16-Apr-13","M3","4.49"
,,,,
375,"11-Dec-12","16-Jan-13","M10","12.02"
375,"11-Dec-12","16-Jan-13","M41","11.68"
375,"11-Dec-12","16-Jan-13","M22","0.9"
375,"11-Dec-12","16-Jan-13","M21","2.68"
375,"11-Dec-12","16-Jan-13","M32","16.22"
,,,,
376,"11-Dec-12","04-Feb-13","M14","35.12"
376,"11-Dec-12","04-Feb-13","M22","0.8"
376,"11-Dec-12","04-Feb-13","M5","86.71"
,,,,
377,"11-Dec-12","22-Jan-13","M9","55.92"
377,"11-Dec-12","22-Jan-13","M41","42.03"
377,"11-Dec-12","22-Jan-13","M38","1.45"
377,"11-Dec-12","22-Jan-13","M37","32.07"
,,,,
378,"11-Dec-12","14-Jan-13","M8","10.65"
378,"11-Dec-12","14-Jan-13","M22","8.46"
,,,,
379,"11-Dec-12","31-Dec-12","M15","7.29"
379,"11-Dec-12","31-Dec-12","M27","27.95"
,,,,
380,"11-Dec-12","31-Jan-13","M2","27.27"
380,"11-Dec-12","31-Jan-13","M35","20.6"
380,"11-Dec-12","31-Jan-13","M18","9.63"
380,"11-Dec-12","31-Jan-13","M48","35.81"
,,,,
381,"11-Dec-12","04-Feb-13","M14","45.81"
381,"11-Dec-12","04-Feb-13","M45","19.37"
381,"11-Dec-12","04-Feb-13","M35",7
381,"11-Dec-12","04-Feb-13","M17","22.86"
381,"11-Dec-12","04-Feb-13","M48","47.28"
,,,,
382,"11-Dec-12","24-Jan-13","M2","1.9"
382,"11-Dec-12","24-Jan-13","M35","1.46"
382,"11-Dec-12","24-Jan-13","M18","7.16"
382,"11-Dec-12","24-Jan-13","M48","9.85"
,,,,
383,"11-Dec-12","21-Feb-13","M15","21.01"
383,"11-Dec-12","21-Feb-13","M22","4.7"
383,"11-Dec-12","21-Feb-13","M34","8.28"
383,"11-Dec-12","21-Feb-13","M4","0.85"
,,,,
384,"11-Dec-12","05-Mar-13","M35","0.45"
384,"11-Dec-12","05-Mar-13","M46","15.54"
384,"11-Dec-12","05-Mar-13","M38","2.99"
384,"11-Dec-12","05-Mar-13","M18","22.84"
384,"11-Dec-12","05-Mar-13","M48","17.23"
,,,,
385,"13-Dec-12","25-Jan-13","M8","6.5"
385,"13-Dec-12","25-Jan-13","M41","9.01"
385,"13-Dec-12","25-Jan-13","M38","1.89"
385,"13-Dec-12","25-Jan-13","M3","0.33"
385,"13-Dec-12","25-Jan-13","M22","2.03"
385,"13-Dec-12","25-Jan-13","M38","0.51"
385,"13-Dec-12","25-Jan-13","M6","7.56"
385,"13-Dec-12","25-Jan-13","M47","3.28"
385,"13-Dec-12","25-Jan-13","M3","57.61"
,,,,
386,"17-Dec-12","27-Dec-12","M10","15.4"
,,,,
387,"17-Dec-12","01-Jan-13","M45","9.85"
387,"17-Dec-12","01-Jan-13","M38","1.72"
387,"17-Dec-12","01-Jan-13","M17","9.35"
387,"17-Dec-12","01-Jan-13","M49","18.27"
,,,,
388,"17-Dec-12","13-Mar-13","M46","7.16"
388,"17-Dec-12","13-Mar-13","M5","3.96"
388,"17-Dec-12","13-Mar-13","M30","5.28"
388,"17-Dec-12","13-Mar-13","M6","7.35"
,,,,
389,"17-Dec-12","14-Feb-13","M15","30.07"
389,"17-Dec-12","14-Feb-13","M34",56
389,"17-Dec-12","14-Feb-13","M38","3.45"
,,,,
390,"17-Dec-12","13-Mar-13","M13","5.31"
390,"17-Dec-12","13-Mar-13","M32","48.78"
390,"17-Dec-12","13-Mar-13","M45","0.55"
390,"17-Dec-12","13-Mar-13","M3","15.33"
,,,,
391,"18-Dec-12","31-Jan-13","M9","41.56"
391,"18-Dec-12","31-Jan-13","M35","7.47"
391,"18-Dec-12","31-Jan-13","M9","0.64"
,,,,
392,"18-Dec-12","17-Jan-13","M11","5.26"
392,"18-Dec-12","17-Jan-13","M41","5.48"
392,"18-Dec-12","17-Jan-13","M38","2.48"
392,"18-Dec-12","17-Jan-13","M3","0.58"
392,"18-Dec-12","17-Jan-13","M20","5.97"
392,"18-Dec-12","17-Jan-13","M47","8.07"
392,"18-Dec-12","17-Jan-13","M3","16.97"
,,,,
393,"18-Dec-12","19-Mar-13","M10","4.75"
393,"18-Dec-12","19-Mar-13","M27","4.5"
393,"18-Dec-12","19-Mar-13","M41","4.13"
393,"18-Dec-12","19-Mar-13","M38","3.94"
393,"18-Dec-12","19-Mar-13","M15","3.71"
,,,,
394,"18-Dec-12","23-Jul-13","M8","14.46"
394,"18-Dec-12","23-Jul-13","M35","2.38"
394,"18-Dec-12","23-Jul-13","M23","7.55"
394,"18-Dec-12","23-Jul-13","M45","2.01"
394,"18-Dec-12","23-Jul-13","M36","14.5"
394,"18-Dec-12","23-Jul-13","M34","2.93"
394,"18-Dec-12","23-Jul-13","M37","15.83"
394,"18-Dec-12","23-Jul-13","M40","0.97"
,,,,
395,"18-Dec-12","20-May-13","M12","12.46"
395,"18-Dec-12","20-May-13","M22","2.19"
395,"18-Dec-12","20-May-13","M41","6.46"
395,"18-Dec-12","20-May-13","M30","1.82"
,,,,
396,"18-Dec-12","13-May-13","M12","5.32"
396,"18-Dec-12","13-May-13","M22","0.12"
396,"18-Dec-12","13-May-13","M41","21.28"
396,"18-Dec-12","13-May-13","M30","4.58"
,,,,
397,"18-Dec-12","09-Jan-13","M8","11.91"
397,"18-Dec-12","09-Jan-13","M22","20.91"
,,,,
398,"18-Dec-12","03-Apr-13","M15","4.48"
398,"18-Dec-12","03-Apr-13","M35","6.83"
398,"18-Dec-12","03-Apr-13","M41","12.39"
398,"18-Dec-12","03-Apr-13","M38","0.74"
398,"18-Dec-12","03-Apr-13","M15","12.56"
398,"18-Dec-12","03-Apr-13","M6","9.16"
398,"18-Dec-12","03-Apr-13","M41","9.11"
,,,,
399,"18-Dec-12","26-Feb-13","M15","10.62"
399,"18-Dec-12","26-Feb-13","M5","1.64"
399,"18-Dec-12","26-Feb-13","M36","42.73"
399,"18-Dec-12","26-Feb-13","M41","2.79"
399,"18-Dec-12","26-Feb-13","M25","9.64"
399,"18-Dec-12","26-Feb-13","M5","8.16"
,,,,
400,"19-Dec-12","28-Jan-13","M9","89.5"
400,"19-Dec-12","28-Jan-13","M35","6.08"
400,"19-Dec-12","28-Jan-13","M21","32.58"
,,,,
401,"19-Dec-12","22-Mar-13","M15","44.81"
401,"19-Dec-12","22-Mar-13","M35","4.86"
401,"19-Dec-12","22-Mar-13","M19","14.51"
401,"19-Dec-12","22-Mar-13","M34","26.06"
401,"19-Dec-12","22-Mar-13","M38","2.57"
401,"19-Dec-12","22-Mar-13","M37","6.91"
401,"19-Dec-12","22-Mar-13","M41","6.29"
,,,,
402,"19-Dec-12","25-Jan-13","M8","30.71"
402,"19-Dec-12","25-Jan-13","M35","8.14"
402,"19-Dec-12","25-Jan-13","M41","8.71"
402,"19-Dec-12","25-Jan-13","M36","198.08"
402,"19-Dec-12","25-Jan-13","M34","4.02"
402,"19-Dec-12","25-Jan-13","M38","1.53"
,,,,
403,"19-Dec-12","31-Jan-13","M9","17.18"
403,"19-Dec-12","31-Jan-13","M35","11.2"
403,"19-Dec-12","31-Jan-13","M23","22.18"
403,"19-Dec-12","31-Jan-13","M45","38.45"
403,"19-Dec-12","31-Jan-13","M17","9.36"
,,,,
404,"19-Dec-12","06-Aug-13","M13","8.53"
404,"19-Dec-12","06-Aug-13","M35","1.61"
404,"19-Dec-12","06-Aug-13","M45","10.22"
404,"19-Dec-12","06-Aug-13","M38","2.55"
404,"19-Dec-12","06-Aug-13","M37","8.02"
404,"19-Dec-12","06-Aug-13","M38","2.41"
,,,,
405,"19-Dec-12","25-Feb-13","M9","12.75"
405,"19-Dec-12","25-Feb-13","M35","6.45"
405,"19-Dec-12","25-Feb-13","M45","7.77"
405,"19-Dec-12","25-Feb-13","M40","1.35"
,,,,
406,"19-Dec-12","18-Mar-13","M13","16.01"
406,"19-Dec-12","18-Mar-13","M45","10.77"
406,"19-Dec-12","18-Mar-13","M38",8
406,"19-Dec-12","18-Mar-13","M17","2.23"
,,,,
407,"19-Dec-12","06-Mar-13","M11","16.77"
407,"19-Dec-12","06-Mar-13","M32","11.55"
407,"19-Dec-12","06-Mar-13","M41","31.3"
407,"19-Dec-12","06-Mar-13","M38","63.52"
407,"19-Dec-12","06-Mar-13","M17","12.9"
407,"19-Dec-12","06-Mar-13","M38","8.8"
,,,,
408,"19-Dec-12","29-Jan-13","M13","12.78"
408,"19-Dec-12","29-Jan-13","M45","24.32"
408,"19-Dec-12","29-Jan-13","M35","12.07"
408,"19-Dec-12","29-Jan-13","M3","3.61"
408,"19-Dec-12","29-Jan-13","M17","6.86"
408,"19-Dec-12","29-Jan-13","M48","24.2"
,,,,
409,"19-Dec-12","15-Feb-13","M8","4.09"
409,"19-Dec-12","15-Feb-13","M45","12.33"
409,"19-Dec-12","15-Feb-13","M35","0.41"
409,"19-Dec-12","15-Feb-13","M17","3.82"
409,"19-Dec-12","15-Feb-13","M48","12.08"
,,,,
410,"20-Dec-12","07-Jan-13","M15","34.03"
410,"20-Dec-12","07-Jan-13","M46","3.35"
,,,,
411,"20-Dec-12","29-Jan-13","M12","9.5"
411,"20-Dec-12","29-Jan-13","M46","8.12"
411,"20-Dec-12","29-Jan-13","M15","3.24"
,,,,
412,"20-Dec-12","18-Jan-13","M15","0.82"
412,"20-Dec-12","18-Jan-13","M21","1.99"
412,"20-Dec-12","18-Jan-13","M36","13.8"
,,,,
413,"20-Dec-12","14-Feb-13","M8","4.17"
413,"20-Dec-12","14-Feb-13","M21","8.94"
413,"20-Dec-12","14-Feb-13","M8","2.44"
413,"20-Dec-12","14-Feb-13","M34","29.63"
413,"20-Dec-12","14-Feb-13","M8","10.84"
,,,,
414,"20-Dec-12","21-Jan-13","M30","6.74"
414,"20-Dec-12","21-Jan-13","M41","0.23"
414,"20-Dec-12","21-Jan-13","M3","0.27"
414,"20-Dec-12","21-Jan-13","M30","7.88"
414,"20-Dec-12","21-Jan-13","M8","11.89"
414,"20-Dec-12","21-Jan-13","M6","1.21"
414,"20-Dec-12","21-Jan-13","M27","12.65"
,,,,
415,"21-Dec-12","16-Jan-13","M15","14.1"
415,"21-Dec-12","16-Jan-13","M41","5.44"
415,"21-Dec-12","16-Jan-13","M38","5.32"
415,"21-Dec-12","16-Jan-13","M30","1.77"
415,"21-Dec-12","16-Jan-13","M8","0.39"
,,,,
416,"21-Dec-12","23-Jan-13","M13","34.84"
416,"21-Dec-12","23-Jan-13","M45","21.71"
416,"21-Dec-12","23-Jan-13","M35","19.79"
416,"21-Dec-12","23-Jan-13","M3","6.73"
416,"21-Dec-12","23-Jan-13","M17","22.91"
416,"21-Dec-12","23-Jan-13","M48","47.26"
,,,,
417,"21-Dec-12","04-Mar-13","M14","148.75"
417,"21-Dec-12","04-Mar-13","M45","47.13"
417,"21-Dec-12","04-Mar-13","M5","35.21"
,,,,
418,"21-Dec-12","20-Mar-13","M41","14.58"
418,"21-Dec-12","20-Mar-13","M30","9.94"
418,"21-Dec-12","20-Mar-13","M6","9.6"
,,,,
419,"21-Dec-12","25-Jan-13","M8","1.13"
419,"21-Dec-12","25-Jan-13","M41","3.37"
419,"21-Dec-12","25-Jan-13","M38","1.11"
419,"21-Dec-12","25-Jan-13","M3","0.24"
419,"21-Dec-12","25-Jan-13","M22","7.24"
419,"21-Dec-12","25-Jan-13","M6","2.61"
419,"21-Dec-12","25-Jan-13","M47","11.94"
419,"21-Dec-12","25-Jan-13","M3","41.33"
,,,,
420,"21-Dec-12","20-Feb-13","M11","16.72"
420,"21-Dec-12","20-Feb-13","M39","10.71"
420,"21-Dec-12","20-Feb-13","M41","13.02"
420,"21-Dec-12","20-Feb-13","M38","1.09"
420,"21-Dec-12","20-Feb-13","M15","6.63"
420,"21-Dec-12","20-Feb-13","M30","4.25"
420,"21-Dec-12","20-Feb-13","M15","7.78"
420,"21-Dec-12","20-Feb-13","M41","10.89"
,,,,
421,"21-Dec-12","04-Feb-13","M14","36.89"
421,"21-Dec-12","04-Feb-13","M22","8.5"
421,"21-Dec-12","04-Feb-13","M45","14.35"
421,"21-Dec-12","04-Feb-13","M5","7.28"
,,,,
422,"24-Dec-12","18-Jan-13","M8","18.04"
422,"24-Dec-12","18-Jan-13","M22","8.63"
422,"24-Dec-12","18-Jan-13","M41","10.41"
422,"24-Dec-12","18-Jan-13","M3","0.65"
422,"24-Dec-12","18-Jan-13","M38","3.14"
422,"24-Dec-12","18-Jan-13","M8","5.17"
,,,,
423,"24-Dec-12","31-Dec-12","M6","0.49"
423,"24-Dec-12","31-Dec-12","M36","25.61"
,,,,
424,"24-Dec-12","13-Feb-13","M8","34.65"
424,"24-Dec-12","13-Feb-13","M5","5.77"
424,"24-Dec-12","13-Feb-13","M19","0.88"
,,,,
425,"24-Dec-12","12-Feb-13","M15","13.83"
425,"24-Dec-12","12-Feb-13","M35","5.13"
425,"24-Dec-12","12-Feb-13","M41","3.75"
425,"24-Dec-12","12-Feb-13","M38","3.91"
425,"24-Dec-12","12-Feb-13","M15","16.26"
425,"24-Dec-12","12-Feb-13","M6","4.41"
425,"24-Dec-12","12-Feb-13","M41","3.06"
,,,,
426,"25-Dec-12","10-May-13","M13","2.73"
426,"25-Dec-12","10-May-13","M45","7.63"
426,"25-Dec-12","10-May-13","M34",4
426,"25-Dec-12","10-May-13","M27","3.32"
426,"25-Dec-12","10-May-13","M37","0.71"
426,"25-Dec-12","10-May-13","M3","4.19"
426,"25-Dec-12","10-May-13","M4","1.5"
,,,,
427,"25-Dec-12","11-Oct-13","M10",31
427,"25-Dec-12","11-Oct-13","M15","0.07"
427,"25-Dec-12","11-Oct-13","M35","5.72"
427,"25-Dec-12","11-Oct-13","M19","2.79"
427,"25-Dec-12","11-Oct-13","M34","12.46"
427,"25-Dec-12","11-Oct-13","M38","2.78"
427,"25-Dec-12","11-Oct-13","M37","15.18"
,,,,
428,"25-Dec-12","20-Feb-13","M8","11.02"
428,"25-Dec-12","20-Feb-13","M32","1.72"
428,"25-Dec-12","20-Feb-13","M34","1.53"
428,"25-Dec-12","20-Feb-13","M38","0.72"
428,"25-Dec-12","20-Feb-13","M8","2.23"
428,"25-Dec-12","20-Feb-13","M41","6.41"
,,,,
429,"26-Dec-12","04-Mar-13","M46","3.98"
429,"26-Dec-12","04-Mar-13","M6","7.51"
429,"26-Dec-12","04-Mar-13","M21","5.73"
,,,,
430,"26-Dec-12","06-Feb-13","M9","17.82"
430,"26-Dec-12","06-Feb-13","M35","4.16"
,,,,
431,"26-Dec-12","20-Mar-13","M9","7.44"
431,"26-Dec-12","20-Mar-13","M35","2.1"
431,"26-Dec-12","20-Mar-13","M45","2.76"
431,"26-Dec-12","20-Mar-13","M38","0.28"
,,,,
432,"26-Dec-12","28-Feb-13","M12","70.42"
432,"26-Dec-12","28-Feb-13","M41","12.7"
432,"26-Dec-12","28-Feb-13","M30","2.5"
,,,,
433,"26-Dec-12","14-Mar-13","M9","28.51"
433,"26-Dec-12","14-Mar-13","M35","9.43"
433,"26-Dec-12","14-Mar-13","M45","67.35"
433,"26-Dec-12","14-Mar-13","M40","8.01"
,,,,
434,"26-Dec-12","08-Mar-13","M13","24.66"
434,"26-Dec-12","08-Mar-13","M45","3.39"
434,"26-Dec-12","08-Mar-13","M40","1.15"
434,"26-Dec-12","08-Mar-13","M17","5.73"
,,,,
435,"26-Dec-12","14-Mar-13","M46","12.27"
435,"26-Dec-12","14-Mar-13","M6","46.21"
435,"26-Dec-12","14-Mar-13","M21","26.38"
,,,,
436,"26-Dec-12","08-Mar-13","M12","5.95"
436,"26-Dec-12","08-Mar-13","M5","0.7"
436,"26-Dec-12","08-Mar-13","M41","0.57"
,,,,
437,"26-Dec-12","05-Apr-13","M8","11.06"
437,"26-Dec-12","05-Apr-13","M35","0.3"
437,"26-Dec-12","05-Apr-13","M13","0.31"
437,"26-Dec-12","05-Apr-13","M7","2.29"
,,,,
438,"26-Dec-12","21-Mar-13","M8","0.33"
438,"26-Dec-12","21-Mar-13","M5","10.06"
,,,,
439,"26-Dec-12","28-Feb-13","M8","30.72"
439,"26-Dec-12","28-Feb-13","M35","3.94"
,,,,
440,"26-Dec-12","07-Feb-13","M2","39.76"
440,"26-Dec-12","07-Feb-13","M35","3.18"
440,"26-Dec-12","07-Feb-13","M18","24.36"
440,"26-Dec-12","07-Feb-13","M48","76.04"
,,,,
441,"26-Dec-12","13-Feb-13","M2","8.25"
441,"26-Dec-12","13-Feb-13","M35","26.64"
441,"26-Dec-12","13-Feb-13","M18","18.38"
441,"26-Dec-12","13-Feb-13","M48","45.53"
,,,,
442,"26-Dec-12","22-Mar-13","M46","3.46"
442,"26-Dec-12","22-Mar-13","M35","19.04"
442,"26-Dec-12","22-Mar-13","M38","4.06"
442,"26-Dec-12","22-Mar-13","M3","1.84"
442,"26-Dec-12","22-Mar-13","M5","53.55"
442,"26-Dec-12","22-Mar-13","M18","13.11"
442,"26-Dec-12","22-Mar-13","M48","2.94"
,,,,
443,"26-Dec-12","15-Mar-13","M46","10.76"
443,"26-Dec-12","15-Mar-13","M38","3.18"
443,"26-Dec-12","15-Mar-13","M18","5.44"
443,"26-Dec-12","15-Mar-13","M48","17.39"
,,,,
444,"27-Dec-12","20-Mar-13","M8","4.36"
444,"27-Dec-12","20-Mar-13","M5","9.97"
444,"27-Dec-12","20-Mar-13","M41","44.25"
444,"27-Dec-12","20-Mar-13","M38","12.23"
444,"27-Dec-12","20-Mar-13","M30","2.3"
444,"27-Dec-12","20-Mar-13","M6","52.92"
,,,,
445,"27-Dec-12","06-Mar-13","M12","47.14"
445,"27-Dec-12","06-Mar-13","M41","24.84"
445,"27-Dec-12","06-Mar-13","M38","47.33"
445,"27-Dec-12","06-Mar-13","M17","9.24"
445,"27-Dec-12","06-Mar-13","M38","10.7"
,,,,
446,"27-Dec-12","12-Feb-13","M11","23.77"
446,"27-Dec-12","12-Feb-13","M39","1.19"
446,"27-Dec-12","12-Feb-13","M41","11.75"
446,"27-Dec-12","12-Feb-13","M38","19.11"
446,"27-Dec-12","12-Feb-13","M15","4.85"
446,"27-Dec-12","12-Feb-13","M30","1.19"
446,"27-Dec-12","12-Feb-13","M15","1.44"
446,"27-Dec-12","12-Feb-13","M41","26.31"
,,,,
447,"27-Dec-12","06-Mar-13","M14","32.14"
447,"27-Dec-12","06-Mar-13","M45","7.69"
447,"27-Dec-12","06-Mar-13","M5","23.05"
,,,,
448,"27-Dec-12","06-Mar-13","M12","22.09"
448,"27-Dec-12","06-Mar-13","M41","1.98"
448,"27-Dec-12","06-Mar-13","M38","2.23"
448,"27-Dec-12","06-Mar-13","M18","5.35"
,,,,
449,"27-Dec-12","30-Jan-13","M15","13.55"
449,"27-Dec-12","30-Jan-13","M35","3.54"
449,"27-Dec-12","30-Jan-13","M41","12.12"
449,"27-Dec-12","30-Jan-13","M38","5.11"
449,"27-Dec-12","30-Jan-13","M15","10.63"
449,"27-Dec-12","30-Jan-13","M6","3.28"
449,"27-Dec-12","30-Jan-13","M41","0.47"
,,,,
450,"27-Dec-12","05-Feb-13","M13","5.78"
450,"27-Dec-12","05-Feb-13","M32","15.59"
450,"27-Dec-12","05-Feb-13","M45","1.99"
450,"27-Dec-12","05-Feb-13","M8","2.43"
450,"27-Dec-12","05-Feb-13","M41","13.55"
,,,,
451,"27-Dec-12","08-Feb-13","M13","5.21"
451,"27-Dec-12","08-Feb-13","M32","3.79"
451,"27-Dec-12","08-Feb-13","M45","2.71"
451,"27-Dec-12","08-Feb-13","M17","2.46"
,,,,
452,"27-Dec-12","25-Feb-13","M9","2.04"
452,"27-Dec-12","25-Feb-13","M35","8.98"
452,"27-Dec-12","25-Feb-13","M23","5.44"
452,"27-Dec-12","25-Feb-13","M45","21.06"
452,"27-Dec-12","25-Feb-13","M17","5.86"
,,,,
453,"27-Dec-12","13-Mar-13","M15","10.28"
453,"27-Dec-12","13-Mar-13","M5","9.32"
453,"27-Dec-12","13-Mar-13","M24","5.12"
453,"27-Dec-12","13-Mar-13","M22","28.04"
453,"27-Dec-12","13-Mar-13","M41","11.91"
453,"27-Dec-12","13-Mar-13","M38","15.31"
453,"27-Dec-12","13-Mar-13","M30","1.35"
453,"27-Dec-12","13-Mar-13","M12","16.81"
453,"27-Dec-12","13-Mar-13","M6","15.21"
,,,,
454,"27-Dec-12","06-Mar-13","M8","36.74"
454,"27-Dec-12","06-Mar-13","M8","25.88"
454,"27-Dec-12","06-Mar-13","M6","17.7"
,,,,
455,"28-Dec-12","14-Feb-13","M13","8.68"
455,"28-Dec-12","14-Feb-13","M35","4.26"
455,"28-Dec-12","14-Feb-13","M34",11
455,"28-Dec-12","14-Feb-13","M38","5.25"
,,,,
456,"28-Dec-12","22-Jan-13","M8","0.19"
456,"28-Dec-12","22-Jan-13","M22","6.36"
,,,,
457,"28-Dec-12","11-Apr-13","M32","1.62"
457,"28-Dec-12","11-Apr-13","M41","10.62"
457,"28-Dec-12","11-Apr-13","M38","0.59"
457,"28-Dec-12","11-Apr-13","M17","8.64"
457,"28-Dec-12","11-Apr-13","M49","32.94"
,,,,
458,"28-Dec-12","29-Mar-13","M32","6.2"
458,"28-Dec-12","29-Mar-13","M41","6.16"
458,"28-Dec-12","29-Mar-13","M38","1.76"
458,"28-Dec-12","29-Mar-13","M17","9.1"
458,"28-Dec-12","29-Mar-13","M49","24.07"
,,,,
459,"28-Dec-12","16-Apr-13","M8","5.03"
459,"28-Dec-12","16-Apr-13","M35","5.32"
459,"28-Dec-12","16-Apr-13","M36","62.66"
459,"28-Dec-12","16-Apr-13","M34","3.47"
459,"28-Dec-12","16-Apr-13","M40","1.82"
,,,,
460,"28-Dec-12","21-Jan-13","M11","48.91"
460,"28-Dec-12","21-Jan-13","M35","8.61"
,,,,
461,"28-Dec-12","19-Apr-13","M15","12.27"
461,"28-Dec-12","19-Apr-13","M18","0.63"
,,,,
462,"28-Dec-12","01-Feb-13","M15","5.27"
462,"28-Dec-12","01-Feb-13","M41","1.53"
462,"28-Dec-12","01-Feb-13","M38","1.03"
462,"28-Dec-12","01-Feb-13","M6","18.55"
,,,,
463,"28-Dec-12","27-Feb-13","M8","21.99"
463,"28-Dec-12","27-Feb-13","M7","12.58"
,,,,
464,"28-Dec-12","07-Feb-13","M15","6.12"
464,"28-Dec-12","07-Feb-13","M3","0.86"
464,"28-Dec-12","07-Feb-13","M36","56.02"
464,"28-Dec-12","07-Feb-13","M41","0.87"
464,"28-Dec-12","07-Feb-13","M38","3.47"
464,"28-Dec-12","07-Feb-13","M15","13.82"
464,"28-Dec-12","07-Feb-13","M49","49.43"
,,,,
465,"28-Dec-12","04-Mar-13","M11","13.09"
465,"28-Dec-12","04-Mar-13","M32","9.88"
465,"28-Dec-12","04-Mar-13","M41","5.6"
465,"28-Dec-12","04-Mar-13","M38","5.2"
465,"28-Dec-12","04-Mar-13","M11",30
465,"28-Dec-12","04-Mar-13","M49","38.5"
,,,,
466,"28-Dec-12","07-Feb-13","M15","41.44"
466,"28-Dec-12","07-Feb-13","M3","1.52"
466,"28-Dec-12","07-Feb-13","M41","28.06"
466,"28-Dec-12","07-Feb-13","M38","15.57"
466,"28-Dec-12","07-Feb-13","M15","18.15"
466,"28-Dec-12","07-Feb-13","M49","36.98"
,,,,
467,"24-Dec-12","28-Dec-12","M11","22.7"
467,"24-Dec-12","28-Dec-12","M22","6.7"
467,"24-Dec-12","28-Dec-12","M36","16.34"
467,"24-Dec-12","28-Dec-12","M38","14.14"
467,"24-Dec-12","28-Dec-12","M3","2.88"
